source,target,value,shared_articles_count,source_tokens,target_tokens,overlap_tokens,overlap_count
cease fire gaza,gaza cease fire,10,10,cease | cease fire | fire | fire gaza | gaza,cease | cease fire | fire | gaza | gaza cease,cease fire | cease | fire | gaza,4
year might mean,might mean year,9,9,mean | might | might mean | year | year might,mean | mean year | might | might mean | year,might mean | mean | might | year,4
benjamin netanyahu,benjamin netanyahu netanyahu,165,165,benjamin | benjamin netanyahu | netanyahu,benjamin | benjamin netanyahu | netanyahu | netanyahu netanyahu,benjamin netanyahu | benjamin | netanyahu,3
donald trump,donald trump trump,155,155,donald | donald trump | trump,donald | donald trump | trump | trump trump,donald trump | donald | trump,3
kamala harris,kamala harris harris,141,141,harris | kamala | kamala harris,harris | harris harris | kamala | kamala harris,kamala harris | harris | kamala,3
donald trump,elect donald trump,100,100,donald | donald trump | trump,donald | donald trump | elect | elect donald | trump,donald trump | donald | trump,3
elect donald,elect donald trump,100,100,donald | elect | elect donald,donald | donald trump | elect | elect donald | trump,elect donald | donald | elect,3
president elect donald,elect donald,100,100,donald | elect | elect donald | president | president elect,donald | elect | elect donald,elect donald | donald | elect,3
president elect donald,elect donald trump,100,100,donald | elect | elect donald | president | president elect,donald | donald trump | elect | elect donald | trump,elect donald | donald | elect,3
president elect donald,president elect,100,100,donald | elect | elect donald | president | president elect,elect | president | president elect,president elect | elect | president,3
netanyahu netanyahu israel,netanyahu israel,85,85,israel | netanyahu | netanyahu israel | netanyahu netanyahu,israel | netanyahu | netanyahu israel,netanyahu israel | israel | netanyahu,3
volodymyr zelensky putin,volodymyr zelensky,82,82,putin | volodymyr | volodymyr zelensky | zelensky | zelensky putin,volodymyr | volodymyr zelensky | zelensky,volodymyr zelensky | volodymyr | zelensky,3
zelensky putin,volodymyr zelensky putin,82,82,putin | zelensky | zelensky putin,putin | volodymyr | volodymyr zelensky | zelensky | zelensky putin,zelensky putin | putin | zelensky,3
israeli military,israeli military said,73,73,israeli | israeli military | military,israeli | israeli military | military,israeli military | israeli | military,3
cease fire deal,cease fire,72,72,cease | cease fire | deal | fire | fire deal,cease | cease fire | fire,cease fire | cease | fire,3
cease fire deal,fire deal,72,72,cease | cease fire | deal | fire | fire deal,deal | fire | fire deal,fire deal | deal | fire,3
cease fire,cease fire gaza,61,61,cease | cease fire | fire,cease | cease fire | fire | fire gaza | gaza,cease fire | cease | fire,3
fire gaza,cease fire gaza,61,61,fire | fire gaza | gaza,cease | cease fire | fire | fire gaza | gaza,fire gaza | fire | gaza,3
volodymyr zelensky,volodymyr zelensky ukraine,59,59,volodymyr | volodymyr zelensky | zelensky,ukraine | volodymyr | volodymyr zelensky | zelensky | zelensky ukraine,volodymyr zelensky | volodymyr | zelensky,3
volodymyr zelensky ukraine,zelensky ukraine,59,59,ukraine | volodymyr | volodymyr zelensky | zelensky | zelensky ukraine,ukraine | zelensky | zelensky ukraine,zelensky ukraine | ukraine | zelensky,3
putin russia,zelensky putin russia,51,51,putin | putin russia | russia,putin | putin russia | russia | zelensky | zelensky putin,putin russia | putin | russia,3
volodymyr zelensky putin,zelensky putin russia,51,51,putin | volodymyr | volodymyr zelensky | zelensky | zelensky putin,putin | putin russia | russia | zelensky | zelensky putin,zelensky putin | putin | zelensky,3
zelensky putin,zelensky putin russia,51,51,putin | zelensky | zelensky putin,putin | putin russia | russia | zelensky | zelensky putin,zelensky putin | putin | zelensky,3
al assad,bashar al assad,50,50,al | al assad | assad,al | al assad | assad | bashar | bashar al,al assad | al | assad,3
bashar al,bashar al assad,50,50,al | bashar | bashar al,al | al assad | assad | bashar | bashar al,bashar al | al | bashar,3
cease fire,gaza cease fire,49,49,cease | cease fire | fire,cease | cease fire | fire | gaza | gaza cease,cease fire | cease | fire,3
gaza cease,gaza cease fire,49,49,cease | gaza | gaza cease,cease | cease fire | fire | gaza | gaza cease,gaza cease | cease | gaza,3
new york city,new york,48,48,city | new | new york | york | york city,new | new york | york,new york | new | york,3
new york city,york city,48,48,city | new | new york | york | york city,city | york | york city,york city | city | york,3
occupied west bank,occupied west,46,46,bank | occupied | occupied west | west | west bank,occupied | occupied west | west,occupied west | occupied | west,3
occupied west bank,west bank,46,46,bank | occupied | occupied west | west | west bank,bank | west | west bank,west bank | bank | west,3
bashar al,president bashar al,34,34,al | bashar | bashar al,al | bashar | bashar al | president | president bashar,bashar al | al | bashar,3
bashar al assad,president bashar al,34,34,al | al assad | assad | bashar | bashar al,al | bashar | bashar al | president | president bashar,bashar al | al | bashar,3
new york,new york times,34,34,new | new york | york,new | new york | times | york | york times,new york | new | york,3
york times,new york times,34,34,times | york | york times,new | new york | times | york | york times,york times | times | york,3
eric adams,eric adams adams,32,32,adams | eric | eric adams,adams | adams adams | eric | eric adams,eric adams | adams | eric,3
federal reserve officials,federal reserve,32,32,federal | federal reserve | officials | reserve | reserve officials,federal | federal reserve | reserve,federal reserve | federal | reserve,3
federal reserve officials,reserve officials,32,32,federal | federal reserve | officials | reserve | reserve officials,officials | reserve | reserve officials,reserve officials | officials | reserve,3
new york,new york times,32,32,new | new york | york,new | new york | times | york | york times,new york | new | york,3
new york times,york times,32,32,new | new york | times | york | york times,times | york | york times,york times | times | york,3
criminal court,international criminal court,31,31,court | criminal | criminal court,court | criminal | criminal court | international | international criminal,criminal court | court | criminal,3
cut interest,cut interest rates,31,31,cut | cut interest | interest,cut | cut interest | interest | interest rates | rates,cut interest | cut | interest,3
cut interest rates,interest rates,31,31,cut | cut interest | interest | interest rates | rates,interest | interest rates | rates,interest rates | interest | rates,3
international criminal,international criminal court,31,31,criminal | international | international criminal,court | criminal | criminal court | international | international criminal,international criminal | criminal | international,3
donald trump,donald trump trump,26,26,donald | donald trump | trump,donald | donald trump | trump | trump trump,donald trump | donald | trump,3
donald trump,elect donald trump,23,23,donald | donald trump | trump,donald | donald trump | elect | elect donald | trump,donald trump | donald | trump,3
elect donald,elect donald trump,23,23,donald | elect | elect donald,donald | donald trump | elect | elect donald | trump,elect donald | donald | elect,3
president elect donald,elect donald,23,23,donald | elect | elect donald | president | president elect,donald | elect | elect donald,elect donald | donald | elect,3
president elect donald,elect donald trump,23,23,donald | elect | elect donald | president | president elect,donald | donald trump | elect | elect donald | trump,elect donald | donald | elect,3
president elect donald,president elect,23,23,donald | elect | elect donald | president | president elect,elect | president | president elect,president elect | elect | president,3
new york times,new york,22,22,new | new york | times | york | york times,new | new york | york,new york | new | york,3
new york times,york times,22,22,new | new york | times | york | york times,times | york | york times,york times | times | york,3
antony blinken blinken,antony blinken,21,21,antony | antony blinken | blinken | blinken blinken,antony | antony blinken | blinken,antony blinken | antony | blinken,3
antony blinken blinken,secretary antony blinken,21,21,antony | antony blinken | blinken | blinken blinken,antony | antony blinken | blinken | secretary | secretary antony,antony blinken | antony | blinken,3
secretary antony blinken,antony blinken,21,21,antony | antony blinken | blinken | secretary | secretary antony,antony | antony blinken | blinken,antony blinken | antony | blinken,3
secretary antony blinken,secretary antony,21,21,antony | antony blinken | blinken | secretary | secretary antony,antony | secretary | secretary antony,secretary antony | antony | secretary,3
wall street,wall street journal,21,21,street | wall | wall street,journal | street | street journal | wall | wall street,wall street | street | wall,3
wall street,wall wall street,21,21,street | wall | wall street,street | wall | wall street | wall wall,wall street | street | wall,3
wall street journal,street journal,21,21,journal | street | street journal | wall | wall street,journal | street | street journal,street journal | journal | street,3
wall street journal,wall wall street,21,21,journal | street | street journal | wall | wall street,street | wall | wall street | wall wall,wall street | street | wall,3
donald trump,donald trump said,20,20,donald | donald trump | trump,donald | donald trump | trump,donald trump | donald | trump,3
president emmanuel macron,emmanuel macron,20,20,emmanuel | emmanuel macron | macron | president | president emmanuel,emmanuel | emmanuel macron | macron,emmanuel macron | emmanuel | macron,3
president emmanuel macron,president emmanuel,20,20,emmanuel | emmanuel macron | macron | president | president emmanuel,emmanuel | president | president emmanuel,president emmanuel | emmanuel | president,3
minister narendra,minister narendra modi,18,18,minister | minister narendra | narendra,minister | minister narendra | modi | narendra | narendra modi,minister narendra | minister | narendra,3
minister narendra,prime minister narendra,18,18,minister | minister narendra | narendra,minister | minister narendra | narendra | prime | prime minister,minister narendra | minister | narendra,3
minister narendra modi,narendra modi,18,18,minister | minister narendra | modi | narendra | narendra modi,modi | narendra | narendra modi,narendra modi | modi | narendra,3
new york city,new york,18,18,city | new | new york | york | york city,new | new york | york,new york | new | york,3
new york city,york city,18,18,city | new | new york | york | york city,city | york | york city,york city | city | york,3
prime minister,prime minister narendra,18,18,minister | prime | prime minister,minister | minister narendra | narendra | prime | prime minister,prime minister | minister | prime,3
prime minister narendra,minister narendra modi,18,18,minister | minister narendra | narendra | prime | prime minister,minister | minister narendra | modi | narendra | narendra modi,minister narendra | minister | narendra,3
donald trump,elect donald trump,17,17,donald | donald trump | trump,donald | donald trump | elect | elect donald | trump,donald trump | donald | trump,3
elect donald,elect donald trump,17,17,donald | elect | elect donald,donald | donald trump | elect | elect donald | trump,elect donald | donald | elect,3
president elect donald,elect donald,17,17,donald | elect | elect donald | president | president elect,donald | elect | elect donald,elect donald | donald | elect,3
president elect donald,elect donald trump,17,17,donald | elect | elect donald | president | president elect,donald | donald trump | elect | elect donald | trump,elect donald | donald | elect,3
president elect donald,president elect,17,17,donald | elect | elect donald | president | president elect,elect | president | president elect,president elect | elect | president,3
nicolás maduro,president nicolás maduro,16,16,maduro | nicol | nicol maduro,maduro | nicol | nicol maduro | president | president nicol,nicol maduro | maduro | nicol,3
president nicolás maduro,president nicolás,16,16,maduro | nicol | nicol maduro | president | president nicol,nicol | president | president nicol,president nicol | nicol | president,3
fight climate change,climate change,15,15,change | climate | climate change | fight | fight climate,change | climate | climate change,climate change | change | climate,3
fight climate change,fight climate,15,15,change | climate | climate change | fight | fight climate,climate | fight | fight climate,fight climate | climate | fight,3
central bank,european central bank,14,14,bank | central | central bank,bank | central | central bank | european | european central,central bank | bank | central,3
european central,european central bank,14,14,central | european | european central,bank | central | central bank | european | european central,european central | central | european,3
interest rate cuts,interest rate,14,14,cuts | interest | interest rate | rate | rate cuts,interest | interest rate | rate,interest rate | interest | rate,3
interest rate cuts,rate cuts,14,14,cuts | interest | interest rate | rate | rate cuts,cuts | rate | rate cuts,rate cuts | cuts | rate,3
swimmers tested positive,swimmers tested,14,14,positive | swimmers | swimmers tested | tested | tested positive,swimmers | swimmers tested | tested,swimmers tested | swimmers | tested,3
swimmers tested positive,tested positive,14,14,positive | swimmers | swimmers tested | tested | tested positive,positive | tested | tested positive,tested positive | positive | tested,3
new york city,new york,13,13,city | new | new york | york | york city,new | new york | york,new york | new | york,3
new york city,york city,13,13,city | new | new york | york | york city,city | york | york city,york city | city | york,3
united automobile,united automobile workers,13,13,automobile | united | united automobile,automobile | automobile workers | united | united automobile | workers,united automobile | automobile | united,3
united automobile workers,automobile workers,13,13,automobile | automobile workers | united | united automobile | workers,automobile | automobile workers | workers,automobile workers | automobile | workers,3
emmanuel macron france,emmanuel macron,12,12,emmanuel | emmanuel macron | france | macron | macron france,emmanuel | emmanuel macron | macron,emmanuel macron | emmanuel | macron,3
gov kathy hochul,gov kathy,12,12,gov | gov kathy | hochul | kathy | kathy hochul,gov | gov kathy | kathy,gov kathy | gov | kathy,3
gov kathy hochul,kathy hochul,12,12,gov | gov kathy | hochul | kathy | kathy hochul,hochul | kathy | kathy hochul,kathy hochul | hochul | kathy,3
kamala harris,kamala harris harris,12,12,harris | kamala | kamala harris,harris | harris harris | kamala | kamala harris,kamala harris | harris | kamala,3
macron france,emmanuel macron france,12,12,france | macron | macron france,emmanuel | emmanuel macron | france | macron | macron france,macron france | france | macron,3
paperbacks read,paperbacks read week,12,12,paperbacks | paperbacks read | read,paperbacks | paperbacks read | read | read week | week,paperbacks read | paperbacks | read,3
read week,paperbacks read week,12,12,read | read week | week,paperbacks | paperbacks read | read | read week | week,read week | read | week,3
cease fire deal,gaza cease fire,11,11,cease | cease fire | deal | fire | fire deal,cease | cease fire | fire | gaza | gaza cease,cease fire | cease | fire,3
chair federal,chair federal reserve,11,11,chair | chair federal | federal,chair | chair federal | federal | federal reserve | reserve,chair federal | chair | federal,3
chinese swimmers,chinese swimmers tested,11,11,chinese | chinese swimmers | swimmers,chinese | chinese swimmers | swimmers | swimmers tested | tested,chinese swimmers | chinese | swimmers,3
chinese swimmers,elite chinese swimmers,11,11,chinese | chinese swimmers | swimmers,chinese | chinese swimmers | elite | elite chinese | swimmers,chinese swimmers | chinese | swimmers,3
chinese swimmers tested,swimmers tested,11,11,chinese | chinese swimmers | swimmers | swimmers tested | tested,swimmers | swimmers tested | tested,swimmers tested | swimmers | tested,3
cutting interest,cutting interest rates,11,11,cutting | cutting interest | interest,cutting | cutting interest | interest | interest rates | rates,cutting interest | cutting | interest,3
donald trump,donald trump trump,11,11,donald | donald trump | trump,donald | donald trump | trump | trump trump,donald trump | donald | trump,3
east gulf,east gulf coasts,11,11,east | east gulf | gulf,coasts | east | east gulf | gulf | gulf coasts,east gulf | east | gulf,3
elite chinese swimmers,elite chinese,11,11,chinese | chinese swimmers | elite | elite chinese | swimmers,chinese | elite | elite chinese,elite chinese | chinese | elite,3
federal reserve,chair federal reserve,11,11,federal | federal reserve | reserve,chair | chair federal | federal | federal reserve | reserve,federal reserve | federal | reserve,3
gulf coasts,east gulf coasts,11,11,coasts | gulf | gulf coasts,coasts | east | east gulf | gulf | gulf coasts,gulf coasts | coasts | gulf,3
interest rates,cutting interest rates,11,11,interest | interest rates | rates,cutting | cutting interest | interest | interest rates | rates,interest rates | interest | rates,3
jerome powell,jerome powell chair,11,11,jerome | jerome powell | powell,chair | jerome | jerome powell | powell | powell chair,jerome powell | jerome | powell,3
jerome powell chair,powell chair,11,11,chair | jerome | jerome powell | powell | powell chair,chair | powell | powell chair,powell chair | chair | powell,3
justin trudeau,justin trudeau trudeau,11,11,justin | justin trudeau | trudeau,justin | justin trudeau | trudeau | trudeau trudeau,justin trudeau | justin | trudeau,3
justin trudeau,prime justin trudeau,11,11,justin | justin trudeau | trudeau,justin | justin trudeau | prime | prime justin | trudeau,justin trudeau | justin | trudeau,3
prime justin,prime justin trudeau,11,11,justin | prime | prime justin,justin | justin trudeau | prime | prime justin | trudeau,prime justin | justin | prime,3
prime justin trudeau,justin trudeau trudeau,11,11,justin | justin trudeau | prime | prime justin | trudeau,justin | justin trudeau | trudeau | trudeau trudeau,justin trudeau | justin | trudeau,3
swimmers tested positive,chinese swimmers tested,11,11,positive | swimmers | swimmers tested | tested | tested positive,chinese | chinese swimmers | swimmers | swimmers tested | tested,swimmers tested | swimmers | tested,3
anti doping,anti doping agency,10,10,anti | anti doping | doping,agency | anti | anti doping | doping | doping agency,anti doping | anti | doping,3
anti doping agency,doping agency,10,10,agency | anti | anti doping | doping | doping agency,agency | doping | doping agency,doping agency | agency | doping,3
chair federal,powell chair federal,10,10,chair | chair federal | federal,chair | chair federal | federal | powell | powell chair,chair federal | chair | federal,3
chair federal reserve,powell chair federal,10,10,chair | chair federal | federal | federal reserve | reserve,chair | chair federal | federal | powell | powell chair,chair federal | chair | federal,3
chancellor olaf scholz,chancellor olaf,10,10,chancellor | chancellor olaf | olaf | olaf scholz | scholz,chancellor | chancellor olaf | olaf,chancellor olaf | chancellor | olaf,3
consumer price,consumer price index,10,10,consumer | consumer price | price,consumer | consumer price | index | price | price index,consumer price | consumer | price,3
high interest rates,high interest,10,10,high | high interest | interest | interest rates | rates,high | high interest | interest,high interest | high | interest,3
interest rates,high interest rates,10,10,interest | interest rates | rates,high | high interest | interest | interest rates | rates,interest rates | interest | rates,3
interest rates,lower interest rates,10,10,interest | interest rates | rates,interest | interest rates | lower | lower interest | rates,interest rates | interest | rates,3
jerome powell chair,powell chair federal,10,10,chair | jerome | jerome powell | powell | powell chair,chair | chair federal | federal | powell | powell chair,powell chair | chair | powell,3
lower interest,lower interest rates,10,10,interest | lower | lower interest,interest | interest rates | lower | lower interest | rates,lower interest | interest | lower,3
minister giorgia meloni,giorgia meloni,10,10,giorgia | giorgia meloni | meloni | minister | minister giorgia,giorgia | giorgia meloni | meloni,giorgia meloni | giorgia | meloni,3
minister giorgia meloni,minister giorgia,10,10,giorgia | giorgia meloni | meloni | minister | minister giorgia,giorgia | minister | minister giorgia,minister giorgia | giorgia | minister,3
minister giorgia meloni,prime minister giorgia,10,10,giorgia | giorgia meloni | meloni | minister | minister giorgia,giorgia | minister | minister giorgia | prime | prime minister,minister giorgia | giorgia | minister,3
minister keir starmer,keir starmer,10,10,keir | keir starmer | minister | minister keir | starmer,keir | keir starmer | starmer,keir starmer | keir | starmer,3
minister keir starmer,minister keir,10,10,keir | keir starmer | minister | minister keir | starmer,keir | minister | minister keir,minister keir | keir | minister,3
minister keir starmer,prime minister keir,10,10,keir | keir starmer | minister | minister keir | starmer,keir | minister | minister keir | prime | prime minister,minister keir | keir | minister,3
new york,new york city,10,10,new | new york | york,city | new | new york | york | york city,new york | new | york,3
new york,new york times,10,10,new | new york | york,new | new york | times | york | york times,new york | new | york,3
olaf scholz,chancellor olaf scholz,10,10,olaf | olaf scholz | scholz,chancellor | chancellor olaf | olaf | olaf scholz | scholz,olaf scholz | olaf | scholz,3
powell chair,powell chair federal,10,10,chair | powell | powell chair,chair | chair federal | federal | powell | powell chair,powell chair | chair | powell,3
president emmanuel macron,emmanuel macron france,10,10,emmanuel | emmanuel macron | macron | president | president emmanuel,emmanuel | emmanuel macron | france | macron | macron france,emmanuel macron | emmanuel | macron,3
price index,consumer price index,10,10,index | price | price index,consumer | consumer price | index | price | price index,price index | index | price,3
prime minister,prime minister giorgia,10,10,minister | prime | prime minister,giorgia | minister | minister giorgia | prime | prime minister,prime minister | minister | prime,3
prime minister,prime minister keir,10,10,minister | prime | prime minister,keir | minister | minister keir | prime | prime minister,prime minister | minister | prime,3
prime minister giorgia,minister giorgia,10,10,giorgia | minister | minister giorgia | prime | prime minister,giorgia | minister | minister giorgia,minister giorgia | giorgia | minister,3
prime minister keir,minister keir,10,10,keir | minister | minister keir | prime | prime minister,keir | minister | minister keir,minister keir | keir | minister,3
world anti,world anti doping,10,10,anti | world | world anti,anti | anti doping | doping | world | world anti,world anti | anti | world,3
world anti doping,anti doping,10,10,anti | anti doping | doping | world | world anti,anti | anti doping | doping,anti doping | anti | doping,3
world anti doping,anti doping agency,10,10,anti | anti doping | doping | world | world anti,agency | anti | anti doping | doping | doping agency,anti doping | anti | doping,3
york city,new york city,10,10,city | york | york city,city | new | new york | york | york city,york city | city | york,3
york times,new york times,10,10,times | york | york times,new | new york | times | york | york times,york times | times | york,3
ahead read visiting,ahead read,9,9,ahead | ahead read | read | read visiting | visiting,ahead | ahead read | read,ahead read | ahead | read,3
ahead read visiting,read visiting,9,9,ahead | ahead read | read | read visiting | visiting,read | read visiting | visiting,read visiting | read | visiting,3
banned drug,positive banned drug,9,9,banned | banned drug | drug,banned | banned drug | drug | positive | positive banned,banned drug | banned | drug,3
called turning points,called turning,9,9,called | called turning | points | turning | turning points,called | called turning | turning,called turning | called | turning,3
called turning points,turning points series,9,9,called | called turning | points | turning | turning points,points | points series | series | turning | turning points,turning points | points | turning,3
called turning points,turning points writers,9,9,called | called turning | points | turning | turning points,points | points writers | turning | turning points | writers,turning points | points | turning,3
called turning points,visiting turning points,9,9,called | called turning | points | turning | turning points,points | turning | turning points | visiting | visiting turning,turning points | points | turning,3
critical moments,critical moments year,9,9,critical | critical moments | moments,critical | critical moments | moments | moments year | year,critical moments | critical | moments,3
democratic republic,democratic republic congo,9,9,democratic | democratic republic | republic,congo | democratic | democratic republic | republic | republic congo,democratic republic | democratic | republic,3
democratic republic congo,republic congo,9,9,congo | democratic | democratic republic | republic | republic congo,congo | republic | republic congo,republic congo | congo | republic,3
explore critical,explore critical moments,9,9,critical | explore | explore critical,critical | critical moments | explore | explore critical | moments,explore critical | critical | explore,3
explore critical,writers explore critical,9,9,critical | explore | explore critical,critical | explore | explore critical | writers | writers explore,explore critical | critical | explore,3
explore critical moments,critical moments,9,9,critical | critical moments | explore | explore critical | moments,critical | critical moments | moments,critical moments | critical | moments,3
explore critical moments,critical moments year,9,9,critical | critical moments | explore | explore critical | moments,critical | critical moments | moments | moments year | year,critical moments | critical | moments,3
explore critical moments,writers explore critical,9,9,critical | critical moments | explore | explore critical | moments,critical | explore | explore critical | writers | writers explore,explore critical | critical | explore,3
mean year ahead,mean year,9,9,ahead | mean | mean year | year | year ahead,mean | mean year | year,mean year | mean | year,3
mean year ahead,year ahead,9,9,ahead | mean | mean year | year | year ahead,ahead | year | year ahead,year ahead | ahead | year,3
might mean year,mean year,9,9,mean | mean year | might | might mean | year,mean | mean year | year,mean year | mean | year,3
might mean year,mean year ahead,9,9,mean | mean year | might | might mean | year,ahead | mean | mean year | year | year ahead,mean year | mean | year,3
might mean year,might mean,9,9,mean | mean year | might | might mean | year,mean | might | might mean,might mean | mean | might,3
moments year,critical moments year,9,9,moments | moments year | year,critical | critical moments | moments | moments year | year,moments year | moments | year,3
moments year,moments year might,9,9,moments | moments year | year,might | moments | moments year | year | year might,moments year | moments | year,3
moments year might,critical moments year,9,9,might | moments | moments year | year | year might,critical | critical moments | moments | moments year | year,moments year | moments | year,3
nations climate,united nations climate,9,9,climate | nations | nations climate,climate | nations | nations climate | united | united nations,nations climate | climate | nations,3
part series,part series called,9,9,part | part series | series,called | part | part series | series | series called,part series | part | series,3
points series,points series page,9,9,points | points series | series,page | points | points series | series | series page,points series | points | series,3
points series,turning points series,9,9,points | points series | series,points | points series | series | turning | turning points,points series | points | series,3
points writers,points writers explore,9,9,points | points writers | writers,explore | points | points writers | writers | writers explore,points writers | points | writers,3
points writers,turning points writers,9,9,points | points writers | writers,points | points writers | turning | turning points | writers,points writers | points | writers,3
points writers explore,writers explore,9,9,explore | points | points writers | writers | writers explore,explore | writers | writers explore,writers explore | explore | writers,3
points writers explore,writers explore critical,9,9,explore | points | points writers | writers | writers explore,critical | explore | explore critical | writers | writers explore,writers explore | explore | writers,3
positive banned,positive banned drug,9,9,banned | positive | positive banned,banned | banned drug | drug | positive | positive banned,positive banned | banned | positive,3
positive banned,tested positive banned,9,9,banned | positive | positive banned,banned | positive | positive banned | tested | tested positive,positive banned | banned | positive,3
read visiting turning,ahead read visiting,9,9,read | read visiting | turning | visiting | visiting turning,ahead | ahead read | read | read visiting | visiting,read visiting | read | visiting,3
read visiting turning,read visiting,9,9,read | read visiting | turning | visiting | visiting turning,read | read visiting | visiting,read visiting | read | visiting,3
read visiting turning,visiting turning,9,9,read | read visiting | turning | visiting | visiting turning,turning | visiting | visiting turning,visiting turning | turning | visiting,3
read visiting turning,visiting turning points,9,9,read | read visiting | turning | visiting | visiting turning,points | turning | turning points | visiting | visiting turning,visiting turning | turning | visiting,3
series called,part series called,9,9,called | series | series called,called | part | part series | series | series called,series called | called | series,3
series called turning,called turning,9,9,called | called turning | series | series called | turning,called | called turning | turning,called turning | called | turning,3
series called turning,called turning points,9,9,called | called turning | series | series called | turning,called | called turning | points | turning | turning points,called turning | called | turning,3
series called turning,part series called,9,9,called | called turning | series | series called | turning,called | part | part series | series | series called,series called | called | series,3
series called turning,series called,9,9,called | called turning | series | series called | turning,called | series | series called,series called | called | series,3
series page,points series page,9,9,page | series | series page,page | points | points series | series | series page,series page | page | series,3
tested positive banned,positive banned drug,9,9,banned | positive | positive banned | tested | tested positive,banned | banned drug | drug | positive | positive banned,positive banned | banned | positive,3
tested positive banned,swimmers tested positive,9,9,banned | positive | positive banned | tested | tested positive,positive | swimmers | swimmers tested | tested | tested positive,tested positive | positive | tested,3
tested positive banned,tested positive,9,9,banned | positive | positive banned | tested | tested positive,positive | tested | tested positive,tested positive | positive | tested,3
turning points,called turning points,9,9,points | turning | turning points,called | called turning | points | turning | turning points,turning points | points | turning,3
turning points,turning points series,9,9,points | turning | turning points,points | points series | series | turning | turning points,turning points | points | turning,3
turning points,turning points writers,9,9,points | turning | turning points,points | points writers | turning | turning points | writers,turning points | points | turning,3
turning points,visiting turning points,9,9,points | turning | turning points,points | turning | turning points | visiting | visiting turning,turning points | points | turning,3
turning points series,points series page,9,9,points | points series | series | turning | turning points,page | points | points series | series | series page,points series | points | series,3
turning points series,visiting turning points,9,9,points | points series | series | turning | turning points,points | turning | turning points | visiting | visiting turning,turning points | points | turning,3
turning points writers,points writers explore,9,9,points | points writers | turning | turning points | writers,explore | points | points writers | writers | writers explore,points writers | points | writers,3
turning points writers,turning points series,9,9,points | points writers | turning | turning points | writers,points | points series | series | turning | turning points,turning points | points | turning,3
turning points writers,visiting turning points,9,9,points | points writers | turning | turning points | writers,points | turning | turning points | visiting | visiting turning,turning points | points | turning,3
united nations,united nations climate,9,9,nations | united | united nations,climate | nations | nations climate | united | united nations,united nations | nations | united,3
visiting turning,visiting turning points,9,9,turning | visiting | visiting turning,points | turning | turning points | visiting | visiting turning,visiting turning | turning | visiting,3
writers explore,writers explore critical,9,9,explore | writers | writers explore,critical | explore | explore critical | writers | writers explore,writers explore | explore | writers,3
year ahead read,ahead read,9,9,ahead | ahead read | read | year | year ahead,ahead | ahead read | read,ahead read | ahead | read,3
year ahead read,ahead read visiting,9,9,ahead | ahead read | read | year | year ahead,ahead | ahead read | read | read visiting | visiting,ahead read | ahead | read,3
year ahead read,mean year ahead,9,9,ahead | ahead read | read | year | year ahead,ahead | mean | mean year | year | year ahead,year ahead | ahead | year,3
year ahead read,year ahead,9,9,ahead | ahead read | read | year | year ahead,ahead | year | year ahead,year ahead | ahead | year,3
year might,moments year might,9,9,might | year | year might,might | moments | moments year | year | year might,year might | might | year,3
year might mean,might mean,9,9,mean | might | might mean | year | year might,mean | might | might mean,might mean | mean | might,3
year might mean,moments year might,9,9,mean | might | might mean | year | year might,might | moments | moments year | year | year might,year might | might | year,3
year might mean,year might,9,9,mean | might | might mean | year | year might,might | year | year might,year might | might | year,3
african country,west african country,8,8,african | african country | country,african | african country | country | west | west african,african country | african | country,3
burning planet,eat burning planet,8,8,burning | burning planet | planet,burning | burning planet | eat | eat burning | planet,burning planet | burning | planet,3
civil rights,civil rights movement,8,8,civil | civil rights | rights,civil | civil rights | movement | rights | rights movement,civil rights | civil | rights,3
civil rights movement,rights movement,8,8,civil | civil rights | movement | rights | rights movement,movement | rights | rights movement,rights movement | movement | rights,3
donald trump said,elect donald trump,8,8,donald | donald trump | trump,donald | donald trump | elect | elect donald | trump,donald trump | donald | trump,3
eat burning,eat burning planet,8,8,burning | eat | eat burning,burning | burning planet | eat | eat burning | planet,eat burning | burning | eat,3
environmental protection,environmental protection agency,8,8,environmental | environmental protection | protection,agency | environmental | environmental protection | protection | protection agency,environmental protection | environmental | protection,3
far right national,far right,8,8,far | far right | national | right | right national,far | far right | right,far right | far | right,3
fossil fuels,burning fossil fuels,8,8,fossil | fossil fuels | fuels,burning | burning fossil | fossil | fossil fuels | fuels,fossil fuels | fossil | fuels,3
gas emissions,greenhouse gas emissions,8,8,emissions | gas | gas emissions,emissions | gas | gas emissions | greenhouse | greenhouse gas,gas emissions | emissions | gas,3
greenhouse gas emissions,greenhouse gas,8,8,emissions | gas | gas emissions | greenhouse | greenhouse gas,gas | greenhouse | greenhouse gas,greenhouse gas | gas | greenhouse,3
israeli soccer,israeli soccer fans,8,8,israeli | israeli soccer | soccer,fans | israeli | israeli soccer | soccer | soccer fans,israeli soccer | israeli | soccer,3
national association realtors,association realtors,8,8,association | association realtors | national | national association | realtors,association | association realtors | realtors,association realtors | association | realtors,3
national association realtors,national association,8,8,association | association realtors | national | national association | realtors,association | national | national association,national association | association | national,3
new paperbacks,new paperbacks read,8,8,new | new paperbacks | paperbacks,new | new paperbacks | paperbacks | paperbacks read | read,new paperbacks | new | paperbacks,3
new york,new york city,8,8,new | new york | york,city | new | new york | york | york city,new york | new | york,3
new york city,york city,8,8,city | new | new york | york | york city,city | york | york city,york city | city | york,3
paperbacks read,new paperbacks read,8,8,paperbacks | paperbacks read | read,new | new paperbacks | paperbacks | paperbacks read | read,paperbacks read | paperbacks | read,3
paperbacks read week,new paperbacks read,8,8,paperbacks | paperbacks read | read | read week | week,new | new paperbacks | paperbacks | paperbacks read | read,paperbacks read | paperbacks | read,3
protection agency,environmental protection agency,8,8,agency | protection | protection agency,agency | environmental | environmental protection | protection | protection agency,protection agency | agency | protection,3
right national,far right national,8,8,national | right | right national,far | far right | national | right | right national,right national | national | right,3
soccer fans,israeli soccer fans,8,8,fans | soccer | soccer fans,fans | israeli | israeli soccer | soccer | soccer fans,soccer fans | fans | soccer,3
war ii,world war ii,8,8,ii | war | war ii,ii | war | war ii | world | world war,war ii | ii | war,3
west african,west african country,8,8,african | west | west african,african | african country | country | west | west african,west african | african | west,3
world war,world war ii,8,8,war | world | world war,ii | war | war ii | world | world war,world war | war | world,3
11 2001,sept 11 2001,7,7,11 | 11 2001 | 2001,11 | 11 2001 | 2001 | sept | sept 11,11 2001 | 11 | 2001,3
asylum seekers,asylum seekers rwanda,7,7,asylum | asylum seekers | seekers,asylum | asylum seekers | rwanda | seekers | seekers rwanda,asylum seekers | asylum | seekers,3
asylum seekers rwanda,seekers rwanda,7,7,asylum | asylum seekers | rwanda | seekers | seekers rwanda,rwanda | seekers | seekers rwanda,seekers rwanda | rwanda | seekers,3
barclay opinion,barclay opinion climate,7,7,barclay | barclay opinion | opinion,barclay | barclay opinion | climate | opinion | opinion climate,barclay opinion | barclay | opinion,3
barclay opinion,eliza barclay opinion,7,7,barclay | barclay opinion | opinion,barclay | barclay opinion | eliza | eliza barclay | opinion,barclay opinion | barclay | opinion,3
bold ideas secure,bold ideas,7,7,bold | bold ideas | ideas | ideas secure | secure,bold | bold ideas | ideas,bold ideas | bold | ideas,3
bold ideas secure,ideas secure,7,7,bold | bold ideas | ideas | ideas secure | secure,ideas | ideas secure | secure,ideas secure | ideas | secure,3
bold ideas secure,ideas secure food,7,7,bold | bold ideas | ideas | ideas secure | secure,food | ideas | ideas secure | secure | secure food,ideas secure | ideas | secure,3
burning planet,burning planet series,7,7,burning | burning planet | planet,burning | burning planet | planet | planet series | series,burning planet | burning | planet,3
burning planet series,eat burning planet,7,7,burning | burning planet | planet | planet series | series,burning | burning planet | eat | eat burning | planet,burning planet | burning | planet,3
burning planet series,planet series exploring,7,7,burning | burning planet | planet | planet series | series,exploring | planet | planet series | series | series exploring,planet series | planet | series,3
climate change,combat climate change,7,7,change | climate | climate change,change | climate | climate change | combat | combat climate,climate change | change | climate,3
climate change,effects climate change,7,7,change | climate | climate change,change | climate | climate change | effects | effects climate,climate change | change | climate,3
combat climate,combat climate change,7,7,climate | combat | combat climate,change | climate | climate change | combat | combat climate,combat climate | climate | combat,3
donald trump,donald trump trump,7,7,donald | donald trump | trump,donald | donald trump | trump | trump trump,donald trump | donald | trump,3
eliza barclay opinion,barclay opinion climate,7,7,barclay | barclay opinion | eliza | eliza barclay | opinion,barclay | barclay opinion | climate | opinion | opinion climate,barclay opinion | barclay | opinion,3
eliza barclay opinion,eliza barclay,7,7,barclay | barclay opinion | eliza | eliza barclay | opinion,barclay | eliza | eliza barclay,eliza barclay | barclay | eliza,3
exploring bold,series exploring bold,7,7,bold | exploring | exploring bold,bold | exploring | exploring bold | series | series exploring,exploring bold | bold | exploring,3
exploring bold ideas,bold ideas,7,7,bold | bold ideas | exploring | exploring bold | ideas,bold | bold ideas | ideas,bold ideas | bold | ideas,3
exploring bold ideas,bold ideas secure,7,7,bold | bold ideas | exploring | exploring bold | ideas,bold | bold ideas | ideas | ideas secure | secure,bold ideas | bold | ideas,3
exploring bold ideas,exploring bold,7,7,bold | bold ideas | exploring | exploring bold | ideas,bold | exploring | exploring bold,exploring bold | bold | exploring,3
exploring bold ideas,series exploring bold,7,7,bold | bold ideas | exploring | exploring bold | ideas,bold | exploring | exploring bold | series | series exploring,exploring bold | bold | exploring,3
far right,far right party,7,7,far | far right | right,far | far right | party | right | right party,far right | far | right,3
far right national,right national rally,7,7,far | far right | national | right | right national,national | national rally | rally | right | right national,right national | national | right,3
follow live updates,follow live,7,7,follow | follow live | live | live updates | updates,follow | follow live | live,follow live | follow | live,3
follow live updates,live updates,7,7,follow | follow live | live | live updates | updates,live | live updates | updates,live updates | live | updates,3
food supply read,food supply,7,7,food | food supply | read | supply | supply read,food | food supply | supply,food supply | food | supply,3
food supply read,supply read,7,7,food | food supply | read | supply | supply read,read | supply | supply read,supply read | read | supply,3
food supply read,supply read project,7,7,food | food supply | read | supply | supply read,project | read | read project | supply | supply read,supply read | read | supply,3
ideas secure food,ideas secure,7,7,food | ideas | ideas secure | secure | secure food,ideas | ideas secure | secure,ideas secure | ideas | secure,3
national rally,right national rally,7,7,national | national rally | rally,national | national rally | rally | right | right national,national rally | national | rally,3
note eliza,project note eliza,7,7,eliza | note | note eliza,eliza | note | note eliza | project | project note,note eliza | eliza | note,3
note eliza barclay,eliza barclay,7,7,barclay | eliza | eliza barclay | note | note eliza,barclay | eliza | eliza barclay,eliza barclay | barclay | eliza,3
note eliza barclay,eliza barclay opinion,7,7,barclay | eliza | eliza barclay | note | note eliza,barclay | barclay opinion | eliza | eliza barclay | opinion,eliza barclay | barclay | eliza,3
note eliza barclay,note eliza,7,7,barclay | eliza | eliza barclay | note | note eliza,eliza | note | note eliza,note eliza | eliza | note,3
note eliza barclay,project note eliza,7,7,barclay | eliza | eliza barclay | note | note eliza,eliza | note | note eliza | project | project note,note eliza | eliza | note,3
opinion climate,barclay opinion climate,7,7,climate | opinion | opinion climate,barclay | barclay opinion | climate | opinion | opinion climate,opinion climate | climate | opinion,3
opinion climate editor,barclay opinion climate,7,7,climate | climate editor | editor | opinion | opinion climate,barclay | barclay opinion | climate | opinion | opinion climate,opinion climate | climate | opinion,3
opinion climate editor,climate editor,7,7,climate | climate editor | editor | opinion | opinion climate,climate | climate editor | editor,climate editor | climate | editor,3
opinion climate editor,opinion climate,7,7,climate | climate editor | editor | opinion | opinion climate,climate | opinion | opinion climate,opinion climate | climate | opinion,3
planet series,burning planet series,7,7,planet | planet series | series,burning | burning planet | planet | planet series | series,planet series | planet | series,3
planet series,planet series exploring,7,7,planet | planet series | series,exploring | planet | planet series | series | series exploring,planet series | planet | series,3
planet series exploring,series exploring,7,7,exploring | planet | planet series | series | series exploring,exploring | series | series exploring,series exploring | exploring | series,3
planet series exploring,series exploring bold,7,7,exploring | planet | planet series | series | series exploring,bold | exploring | exploring bold | series | series exploring,series exploring | exploring | series,3
project note,project note eliza,7,7,note | project | project note,eliza | note | note eliza | project | project note,project note | note | project,3
project note,read project note,7,7,note | project | project note,note | project | project note | read | read project,project note | note | project,3
read project,read project note,7,7,project | read | read project,note | project | project note | read | read project,read project | project | read,3
read project,supply read project,7,7,project | read | read project,project | read | read project | supply | supply read,read project | project | read,3
read project note,project note eliza,7,7,note | project | project note | read | read project,eliza | note | note eliza | project | project note,project note | note | project,3
read project note,supply read project,7,7,note | project | project note | read | read project,project | read | read project | supply | supply read,read project | project | read,3
right national,right national rally,7,7,national | right | right national,national | national rally | rally | right | right national,right national | national | right,3
right party,far right party,7,7,party | right | right party,far | far right | party | right | right party,right party | party | right,3
secure food,ideas secure food,7,7,food | secure | secure food,food | ideas | ideas secure | secure | secure food,secure food | food | secure,3
secure food supply,food supply,7,7,food | food supply | secure | secure food | supply,food | food supply | supply,food supply | food | supply,3
secure food supply,food supply read,7,7,food | food supply | secure | secure food | supply,food | food supply | read | supply | supply read,food supply | food | supply,3
secure food supply,ideas secure food,7,7,food | food supply | secure | secure food | supply,food | ideas | ideas secure | secure | secure food,secure food | food | secure,3
secure food supply,secure food,7,7,food | food supply | secure | secure food | supply,food | secure | secure food,secure food | food | secure,3
sept 11,sept 11 2001,7,7,11 | sept | sept 11,11 | 11 2001 | 2001 | sept | sept 11,sept 11 | 11 | sept,3
series exploring,series exploring bold,7,7,exploring | series | series exploring,bold | exploring | exploring bold | series | series exploring,series exploring | exploring | series,3
supply read project,supply read,7,7,project | read | read project | supply | supply read,read | supply | supply read,supply read | read | supply,3
23 elite,23 elite chinese,6,6,23 | 23 elite | elite,23 | 23 elite | chinese | elite | elite chinese,23 elite | 23 | elite,3
23 elite chinese,elite chinese,6,6,23 | 23 elite | chinese | elite | elite chinese,chinese | elite | elite chinese,elite chinese | chinese | elite,3
23 elite chinese,elite chinese swimmers,6,6,23 | 23 elite | chinese | elite | elite chinese,chinese | chinese swimmers | elite | elite chinese | swimmers,elite chinese | chinese | elite,3
african nation,west african nation,6,6,african | african nation | nation,african | african nation | nation | west | west african,african nation | african | nation,3
alternative germany,alternative germany party,6,6,alternative | alternative germany | germany,alternative | alternative germany | germany | germany party | party,alternative germany | alternative | germany,3
alternative germany,right alternative germany,6,6,alternative | alternative germany | germany,alternative | alternative germany | germany | right | right alternative,alternative germany | alternative | germany,3
alternative germany party,germany party,6,6,alternative | alternative germany | germany | germany party | party,germany | germany party | party,germany party | germany | party,3
asylum seekers,send asylum seekers,6,6,asylum | asylum seekers | seekers,asylum | asylum seekers | seekers | send | send asylum,asylum seekers | asylum | seekers,3
asylum seekers rwanda,send asylum seekers,6,6,asylum | asylum seekers | rwanda | seekers | seekers rwanda,asylum | asylum seekers | seekers | send | send asylum,asylum seekers | asylum | seekers,3
automobile workers,automobile workers union,6,6,automobile | automobile workers | workers,automobile | automobile workers | union | workers | workers union,automobile workers | automobile | workers,3
automobile workers union,workers union,6,6,automobile | automobile workers | union | workers | workers union,union | workers | workers union,workers union | union | workers,3
book review including,book review,6,6,book | book review | including | review | review including,book | book review | review,book review | book | review,3
book review including,review including,6,6,book | book review | including | review | review including,including | review | review including,review including | including | review,3
book review including,review including titles,6,6,book | book review | including | review | review including,including | including titles | review | review including | titles,review including | including | review,3
chinese doping case,chinese doping,6,6,case | chinese | chinese doping | doping | doping case,chinese | chinese doping | doping,chinese doping | chinese | doping,3
chinese doping case,doping case,6,6,case | chinese | chinese doping | doping | doping case,case | doping | doping case,doping case | case | doping,3
congestion pricing plan,congestion pricing,6,6,congestion | congestion pricing | plan | pricing | pricing plan,congestion | congestion pricing | pricing,congestion pricing | congestion | pricing,3
consumer financial protection,consumer financial,6,6,consumer | consumer financial | financial | financial protection | protection,consumer | consumer financial | financial,consumer financial | consumer | financial,3
consumer financial protection,financial protection,6,6,consumer | consumer financial | financial | financial protection | protection,financial | financial protection | protection,financial protection | financial | protection,3
consumer financial protection,financial protection bureau,6,6,consumer | consumer financial | financial | financial protection | protection,bureau | financial | financial protection | protection | protection bureau,financial protection | financial | protection,3
eat burning,part eat burning,6,6,burning | eat | eat burning,burning | eat | eat burning | part | part eat,eat burning | burning | eat,3
eat burning planet,part eat burning,6,6,burning | burning planet | eat | eat burning | planet,burning | eat | eat burning | part | part eat,eat burning | burning | eat,3
elite chinese swimmers,chinese swimmers tested,6,6,chinese | chinese swimmers | elite | elite chinese | swimmers,chinese | chinese swimmers | swimmers | swimmers tested | tested,chinese swimmers | chinese | swimmers,3
financial protection bureau,financial protection,6,6,bureau | financial | financial protection | protection | protection bureau,financial | financial protection | protection,financial protection | financial | protection,3
including titles,review including titles,6,6,including | including titles | titles,including | including titles | review | review including | titles,including titles | including | titles,3
japan nippon steel,japan nippon,6,6,japan | japan nippon | nippon | nippon steel | steel,japan | japan nippon | nippon,japan nippon | japan | nippon,3
japan nippon steel,nippon steel,6,6,japan | japan nippon | nippon | nippon steel | steel,nippon | nippon steel | steel,nippon steel | nippon | steel,3
khalid shaikh mohammed,khalid shaikh,6,6,khalid | khalid shaikh | mohammed | shaikh | shaikh mohammed,khalid | khalid shaikh | shaikh,khalid shaikh | khalid | shaikh,3
part eat burning,part eat,6,6,burning | eat | eat burning | part | part eat,eat | part | part eat,part eat | eat | part,3
pricing plan,congestion pricing plan,6,6,plan | pricing | pricing plan,congestion | congestion pricing | plan | pricing | pricing plan,pricing plan | plan | pricing,3
protection bureau,financial protection bureau,6,6,bureau | protection | protection bureau,bureau | financial | financial protection | protection | protection bureau,protection bureau | bureau | protection,3
review including,review including titles,6,6,including | review | review including,including | including titles | review | review including | titles,review including | including | review,3
right alternative,right alternative germany,6,6,alternative | right | right alternative,alternative | alternative germany | germany | right | right alternative,right alternative | alternative | right,3
shaikh mohammed,khalid shaikh mohammed,6,6,mohammed | shaikh | shaikh mohammed,khalid | khalid shaikh | mohammed | shaikh | shaikh mohammed,shaikh mohammed | mohammed | shaikh,3
united automobile workers,automobile workers union,6,6,automobile | automobile workers | united | united automobile | workers,automobile | automobile workers | union | workers | workers union,automobile workers | automobile | workers,3
weight loss,weight loss drugs,6,6,loss | weight | weight loss,drugs | loss | loss drugs | weight | weight loss,weight loss | loss | weight,3
weight loss drugs,loss drugs,6,6,drugs | loss | loss drugs | weight | weight loss,drugs | loss | loss drugs,loss drugs | drugs | loss,3
west african,west african nation,6,6,african | west | west african,african | african nation | nation | west | west african,west african | african | west,3
african national,african national congress,5,5,african | african national | national,african | african national | congress | national | national congress,african national | african | national,3
assange wikileaks,assange wikileaks founder,5,5,assange | assange wikileaks | wikileaks,assange | assange wikileaks | founder | wikileaks | wikileaks founder,assange wikileaks | assange | wikileaks,3
assange wikileaks,julian assange wikileaks,5,5,assange | assange wikileaks | wikileaks,assange | assange wikileaks | julian | julian assange | wikileaks,assange wikileaks | assange | wikileaks,3
assange wikileaks founder,julian assange wikileaks,5,5,assange | assange wikileaks | founder | wikileaks | wikileaks founder,assange | assange wikileaks | julian | julian assange | wikileaks,assange wikileaks | assange | wikileaks,3
cease fire deal,cease fire gaza,5,5,cease | cease fire | deal | fire | fire deal,cease | cease fire | fire | fire gaza | gaza,cease fire | cease | fire,3
chief executive,unitedhealthcare chief executive,5,5,chief | chief executive | executive,chief | chief executive | executive | unitedhealthcare | unitedhealthcare chief,chief executive | chief | executive,3
chinese communist party,chinese communist,5,5,chinese | chinese communist | communist | communist party | party,chinese | chinese communist | communist,chinese communist | chinese | communist,3
communist party,chinese communist party,5,5,communist | communist party | party,chinese | chinese communist | communist | communist party | party,communist party | communist | party,3
hong kong,hong kong intelligence,5,5,hong | hong kong | kong,hong | hong kong | intelligence | kong | kong intelligence,hong kong | hong | kong,3
india prime minister,india prime,5,5,india | india prime | minister | prime | prime minister,india | india prime | prime,india prime | india | prime,3
intelligence service,kong intelligence service,5,5,intelligence | intelligence service | service,intelligence | intelligence service | kong | kong intelligence | service,intelligence service | intelligence | service,3
julian assange,julian assange wikileaks,5,5,assange | julian | julian assange,assange | assange wikileaks | julian | julian assange | wikileaks,julian assange | assange | julian,3
kong intelligence,hong kong intelligence,5,5,intelligence | kong | kong intelligence,hong | hong kong | intelligence | kong | kong intelligence,kong intelligence | intelligence | kong,3
kong intelligence,kong intelligence service,5,5,intelligence | kong | kong intelligence,intelligence | intelligence service | kong | kong intelligence | service,kong intelligence | intelligence | kong,3
kong intelligence service,hong kong intelligence,5,5,intelligence | intelligence service | kong | kong intelligence | service,hong | hong kong | intelligence | kong | kong intelligence,kong intelligence | intelligence | kong,3
metropolitan transportation,metropolitan transportation authority,5,5,metropolitan | metropolitan transportation | transportation,authority | metropolitan | metropolitan transportation | transportation | transportation authority,metropolitan transportation | metropolitan | transportation,3
metropolitan transportation authority,transportation authority,5,5,authority | metropolitan | metropolitan transportation | transportation | transportation authority,authority | transportation | transportation authority,transportation authority | authority | transportation,3
minister rishi,minister rishi sunak,5,5,minister | minister rishi | rishi,minister | minister rishi | rishi | rishi sunak | sunak,minister rishi | minister | rishi,3
minister rishi,prime minister rishi,5,5,minister | minister rishi | rishi,minister | minister rishi | prime | prime minister | rishi,minister rishi | minister | rishi,3
modi india,narendra modi india,5,5,india | modi | modi india,india | modi | modi india | narendra | narendra modi,modi india | india | modi,3
narendra modi,narendra modi india,5,5,modi | narendra | narendra modi,india | modi | modi india | narendra | narendra modi,narendra modi | modi | narendra,3
national congress,african national congress,5,5,congress | national | national congress,african | african national | congress | national | national congress,national congress | congress | national,3
pharmacy benefit,pharmacy benefit managers,5,5,benefit | pharmacy | pharmacy benefit,benefit | benefit managers | managers | pharmacy | pharmacy benefit,pharmacy benefit | benefit | pharmacy,3
pharmacy benefit managers,benefit managers,5,5,benefit | benefit managers | managers | pharmacy | pharmacy benefit,benefit | benefit managers | managers,benefit managers | benefit | managers,3
port au,port au prince,5,5,au | port | port au,au | au prince | port | port au | prince,port au | au | port,3
port au prince,au prince,5,5,au | au prince | port | port au | prince,au | au prince | prince,au prince | au | prince,3
presidential election,venezuela presidential election,5,5,election | presidential | presidential election,election | presidential | presidential election | venezuela | venezuela presidential,presidential election | election | presidential,3
prime minister,india prime minister,5,5,minister | prime | prime minister,india | india prime | minister | prime | prime minister,prime minister | minister | prime,3
prime minister,prime minister rishi,5,5,minister | prime | prime minister,minister | minister rishi | prime | prime minister | rishi,prime minister | minister | prime,3
prime minister rishi,minister rishi sunak,5,5,minister | minister rishi | prime | prime minister | rishi,minister | minister rishi | rishi | rishi sunak | sunak,minister rishi | minister | rishi,3
rishi sunak,minister rishi sunak,5,5,rishi | rishi sunak | sunak,minister | minister rishi | rishi | rishi sunak | sunak,rishi sunak | rishi | sunak,3
storm debby,tropical storm debby,5,5,debby | storm | storm debby,debby | storm | storm debby | tropical | tropical storm,storm debby | debby | storm,3
tropical storm,tropical storm debby,5,5,storm | tropical | tropical storm,debby | storm | storm debby | tropical | tropical storm,tropical storm | storm | tropical,3
trudeau trudeau canada,trudeau canada,5,5,canada | trudeau | trudeau canada | trudeau trudeau,canada | trudeau | trudeau canada,trudeau canada | canada | trudeau,3
tulsa race massacre,race massacre,5,5,massacre | race | race massacre | tulsa | tulsa race,massacre | race | race massacre,race massacre | massacre | race,3
tulsa race massacre,tulsa race,5,5,massacre | race | race massacre | tulsa | tulsa race,race | tulsa | tulsa race,tulsa race | race | tulsa,3
unitedhealthcare chief executive,unitedhealthcare chief,5,5,chief | chief executive | executive | unitedhealthcare | unitedhealthcare chief,chief | unitedhealthcare | unitedhealthcare chief,unitedhealthcare chief | chief | unitedhealthcare,3
venezuela presidential election,venezuela presidential,5,5,election | presidential | presidential election | venezuela | venezuela presidential,presidential | venezuela | venezuela presidential,venezuela presidential | presidential | venezuela,3
wikileaks founder,assange wikileaks founder,5,5,founder | wikileaks | wikileaks founder,assange | assange wikileaks | founder | wikileaks | wikileaks founder,wikileaks founder | founder | wikileaks,3
action lawsuit,class action lawsuit,4,4,action | action lawsuit | lawsuit,action | action lawsuit | class | class action | lawsuit,action lawsuit | action | lawsuit,3
alternative germany party,right alternative germany,4,4,alternative | alternative germany | germany | germany party | party,alternative | alternative germany | germany | right | right alternative,alternative germany | alternative | germany,3
archegos capital,archegos capital management,4,4,archegos | archegos capital | capital,archegos | archegos capital | capital | capital management | management,archegos capital | archegos | capital,3
archegos capital management,capital management,4,4,archegos | archegos capital | capital | capital management | management,capital | capital management | management,capital management | capital | management,3
class action,class action lawsuit,4,4,action | class | class action,action | action lawsuit | class | class action | lawsuit,class action | action | class,3
defense secretary lloyd,defense secretary,4,4,defense | defense secretary | lloyd | secretary | secretary lloyd,defense | defense secretary | secretary,defense secretary | defense | secretary,3
gov kathy hochul,kathy hochul new,4,4,gov | gov kathy | hochul | kathy | kathy hochul,hochul | hochul new | kathy | kathy hochul | new,kathy hochul | hochul | kathy,3
hochul new,hochul new york,4,4,hochul | hochul new | new,hochul | hochul new | new | new york | york,hochul new | hochul | new,3
hochul new,kathy hochul new,4,4,hochul | hochul new | new,hochul | hochul new | kathy | kathy hochul | new,hochul new | hochul | new,3
hochul new york,kathy hochul new,4,4,hochul | hochul new | new | new york | york,hochul | hochul new | kathy | kathy hochul | new,hochul new | hochul | new,3
holiday shopping,holiday shopping season,4,4,holiday | holiday shopping | shopping,holiday | holiday shopping | season | shopping | shopping season,holiday shopping | holiday | shopping,3
kathy hochul,kathy hochul new,4,4,hochul | kathy | kathy hochul,hochul | hochul new | kathy | kathy hochul | new,kathy hochul | hochul | kathy,3
league baseball,major league baseball,4,4,baseball | league | league baseball,baseball | league | league baseball | major | major league,league baseball | baseball | league,3
major league baseball,major league,4,4,baseball | league | league baseball | major | major league,league | major | major league,major league | league | major,3
minister narendra modi,narendra modi india,4,4,minister | minister narendra | modi | narendra | narendra modi,india | modi | modi india | narendra | narendra modi,narendra modi | modi | narendra,3
new federal,new federal rule,4,4,federal | new | new federal,federal | federal rule | new | new federal | rule,new federal | federal | new,3
new federal rule,federal rule,4,4,federal | federal rule | new | new federal | rule,federal | federal rule | rule,federal rule | federal | rule,3
new york,hochul new york,4,4,new | new york | york,hochul | hochul new | new | new york | york,new york | new | york,3
new york times,new york,4,4,new | new york | times | york | york times,new | new york | york,new york | new | york,3
new york times,york times,4,4,new | new york | times | york | york times,times | york | york times,york times | times | york,3
president william ruto,president william,4,4,president | president william | ruto | william | william ruto,president | president william | william,president william | president | william,3
president william ruto,william ruto,4,4,president | president william | ruto | william | william ruto,ruto | william | william ruto,william ruto | ruto | william,3
prime minister narendra,india prime minister,4,4,minister | minister narendra | narendra | prime | prime minister,india | india prime | minister | prime | prime minister,prime minister | minister | prime,3
secretary lloyd,defense secretary lloyd,4,4,lloyd | secretary | secretary lloyd,defense | defense secretary | lloyd | secretary | secretary lloyd,secretary lloyd | lloyd | secretary,3
secretary lloyd,secretary lloyd austin,4,4,lloyd | secretary | secretary lloyd,austin | lloyd | lloyd austin | secretary | secretary lloyd,secretary lloyd | lloyd | secretary,3
secretary lloyd austin,defense secretary lloyd,4,4,austin | lloyd | lloyd austin | secretary | secretary lloyd,defense | defense secretary | lloyd | secretary | secretary lloyd,secretary lloyd | lloyd | secretary,3
secretary lloyd austin,lloyd austin,4,4,austin | lloyd | lloyd austin | secretary | secretary lloyd,austin | lloyd | lloyd austin,lloyd austin | austin | lloyd,3
shopping season,holiday shopping season,4,4,season | shopping | shopping season,holiday | holiday shopping | season | shopping | shopping season,shopping season | season | shopping,3
street banks,wall street banks,4,4,banks | street | street banks,banks | street | street banks | wall | wall street,street banks | banks | street,3
wall street,wall street banks,4,4,street | wall | wall street,banks | street | street banks | wall | wall street,wall street | street | wall,3
23 chinese,23 chinese swimmers,3,3,23 | 23 chinese | chinese,23 | 23 chinese | chinese | chinese swimmers | swimmers,23 chinese | 23 | chinese,3
bill hwang,founder bill hwang,3,3,bill | bill hwang | hwang,bill | bill hwang | founder | founder bill | hwang,bill hwang | bill | hwang,3
card late,credit card late,3,3,card | card late | late,card | card late | credit | credit card | late,card late | card | late,3
chinese swimmers,23 chinese swimmers,3,3,chinese | chinese swimmers | swimmers,23 | 23 chinese | chinese | chinese swimmers | swimmers,chinese swimmers | chinese | swimmers,3
chinese swimmers tested,23 chinese swimmers,3,3,chinese | chinese swimmers | swimmers | swimmers tested | tested,23 | 23 chinese | chinese | chinese swimmers | swimmers,chinese swimmers | chinese | swimmers,3
credit card,credit card late,3,3,card | credit | credit card,card | card late | credit | credit card | late,credit card | card | credit,3
data analytics firm,analytics firm,3,3,analytics | analytics firm | data | data analytics | firm,analytics | analytics firm | firm,analytics firm | analytics | firm,3
data analytics firm,data analytics,3,3,analytics | analytics firm | data | data analytics | firm,analytics | data | data analytics,data analytics | analytics | data,3
drove vehicle,drove vehicle crowd,3,3,drove | drove vehicle | vehicle,crowd | drove | drove vehicle | vehicle | vehicle crowd,drove vehicle | drove | vehicle,3
entertainment concert,nation entertainment concert,3,3,concert | entertainment | entertainment concert,concert | entertainment | entertainment concert | nation | nation entertainment,entertainment concert | concert | entertainment,3
live nation entertainment,live nation,3,3,entertainment | live | live nation | nation | nation entertainment,live | live nation | nation,live nation | live | nation,3
losses wall,losses wall street,3,3,losses | losses wall | wall,losses | losses wall | street | wall | wall street,losses wall | losses | wall,3
man drove vehicle,drove vehicle,3,3,drove | drove vehicle | man | man drove | vehicle,drove | drove vehicle | vehicle,drove vehicle | drove | vehicle,3
man drove vehicle,drove vehicle crowd,3,3,drove | drove vehicle | man | man drove | vehicle,crowd | drove | drove vehicle | vehicle | vehicle crowd,drove vehicle | drove | vehicle,3
man drove vehicle,man drove,3,3,drove | drove vehicle | man | man drove | vehicle,drove | man | man drove,man drove | drove | man,3
nation entertainment,live nation entertainment,3,3,entertainment | nation | nation entertainment,entertainment | live | live nation | nation | nation entertainment,nation entertainment | entertainment | nation,3
nation entertainment,nation entertainment concert,3,3,entertainment | nation | nation entertainment,concert | entertainment | entertainment concert | nation | nation entertainment,nation entertainment | entertainment | nation,3
nation entertainment concert,live nation entertainment,3,3,concert | entertainment | entertainment concert | nation | nation entertainment,entertainment | live | live nation | nation | nation entertainment,nation entertainment | entertainment | nation,3
olympics opening,olympics opening ceremony,3,3,olympics | olympics opening | opening,ceremony | olympics | olympics opening | opening | opening ceremony,olympics opening | olympics | opening,3
opening ceremony,olympics opening ceremony,3,3,ceremony | opening | opening ceremony,ceremony | olympics | olympics opening | opening | opening ceremony,opening ceremony | ceremony | opening,3
positive tests,positive tests banned,3,3,positive | positive tests | tests,banned | positive | positive tests | tests | tests banned,positive tests | positive | tests,3
tests banned,positive tests banned,3,3,banned | tests | tests banned,banned | positive | positive tests | tests | tests banned,tests banned | banned | tests,3
vehicle crowd,drove vehicle crowd,3,3,crowd | vehicle | vehicle crowd,crowd | drove | drove vehicle | vehicle | vehicle crowd,vehicle crowd | crowd | vehicle,3
wall street,losses wall street,3,3,street | wall | wall street,losses | losses wall | street | wall | wall street,wall street | street | wall,3
wall street banks,losses wall street,3,3,banks | street | street banks | wall | wall street,losses | losses wall | street | wall | wall street,wall street | street | wall,3
10 billion,10 billion year,2,2,10 | 10 billion | billion,10 | 10 billion | billion | billion year | year,10 billion | 10 | billion,3
10 billion,households 10 billion,2,2,10 | 10 billion | billion,10 | 10 billion | billion | households | households 10,10 billion | 10 | billion,3
10 billion,roughly 10 billion,2,2,10 | 10 billion | billion,10 | 10 billion | billion | roughly | roughly 10,10 billion | 10 | billion,3
10 billion losses,10 billion,2,2,10 | 10 billion | billion | billion losses | losses,10 | 10 billion | billion,10 billion | 10 | billion,3
10 billion losses,billion losses,2,2,10 | 10 billion | billion | billion losses | losses,billion | billion losses | losses,billion losses | billion | losses,3
10 billion losses,roughly 10 billion,2,2,10 | 10 billion | billion | billion losses | losses,10 | 10 billion | billion | roughly | roughly 10,10 billion | 10 | billion,3
10 billion year,billion year,2,2,10 | 10 billion | billion | billion year | year,billion | billion year | year,billion year | billion | year,3
10 billion year,households 10 billion,2,2,10 | 10 billion | billion | billion year | year,10 | 10 billion | billion | households | households 10,10 billion | 10 | billion,3
archegos capital,collapse archegos capital,2,2,archegos | archegos capital | capital,archegos | archegos capital | capital | collapse | collapse archegos,archegos capital | archegos | capital,3
archegos capital management,collapse archegos capital,2,2,archegos | archegos capital | capital | capital management | management,archegos | archegos capital | capital | collapse | collapse archegos,archegos capital | archegos | capital,3
banned substance,powerful banned substance,2,2,banned | banned substance | substance,banned | banned substance | powerful | powerful banned | substance,banned substance | banned | substance,3
black men,older black men,2,2,black | black men | men,black | black men | men | older | older black,black men | black | men,3
collapse archegos,collapse archegos capital,2,2,archegos | collapse | collapse archegos,archegos | archegos capital | capital | collapse | collapse archegos,collapse archegos | archegos | collapse,3
could save merchants,could save,2,2,could | could save | merchants | save | save merchants,could | could save | save,could save | could | save,3
could save merchants,save merchants,2,2,could | could save | merchants | save | save merchants,merchants | save | save merchants,save merchants | merchants | save,3
drug administration,food drug administration,2,2,administration | drug | drug administration,administration | drug | drug administration | food | food drug,drug administration | administration | drug,3
employers government,people employers government,2,2,employers | employers government | government,employers | employers government | government | people | people employers,employers government | employers | government,3
far right national,far right party,2,2,far | far right | national | right | right national,far | far right | party | right | right party,far right | far | right,3
federal reserve officials,chair federal reserve,2,2,federal | federal reserve | officials | reserve | reserve officials,chair | chair federal | federal | federal reserve | reserve,federal reserve | federal | reserve,3
food drug,food drug administration,2,2,drug | food | food drug,administration | drug | drug administration | food | food drug,food drug | drug | food,3
households 10 billion,households 10,2,2,10 | 10 billion | billion | households | households 10,10 | households | households 10,households 10 | 10 | households,3
managers driving,managers driving drug,2,2,driving | managers | managers driving,driving | driving drug | drug | managers | managers driving,managers driving | driving | managers,3
millions people,costs millions people,2,2,millions | millions people | people,costs | costs millions | millions | millions people | people,millions people | millions | people,3
millions people,millions people employers,2,2,millions | millions people | people,employers | millions | millions people | people | people employers,millions people | millions | people,3
millions people employers,costs millions people,2,2,employers | millions | millions people | people | people employers,costs | costs millions | millions | millions people | people,millions people | millions | people,3
millions people employers,people employers government,2,2,employers | millions | millions people | people | people employers,employers | employers government | government | people | people employers,people employers | employers | people,3
older black men,older black,2,2,black | black men | men | older | older black,black | older | older black,older black | black | older,3
positive powerful,positive powerful banned,2,2,positive | positive powerful | powerful,banned | positive | positive powerful | powerful | powerful banned,positive powerful | positive | powerful,3
positive powerful,tested positive powerful,2,2,positive | positive powerful | powerful,positive | positive powerful | powerful | tested | tested positive,positive powerful | positive | powerful,3
powerful banned,positive powerful banned,2,2,banned | powerful | powerful banned,banned | positive | positive powerful | powerful | powerful banned,powerful banned | banned | powerful,3
powerful banned substance,positive powerful banned,2,2,banned | banned substance | powerful | powerful banned | substance,banned | positive | positive powerful | powerful | powerful banned,powerful banned | banned | powerful,3
powerful banned substance,powerful banned,2,2,banned | banned substance | powerful | powerful banned | substance,banned | powerful | powerful banned,powerful banned | banned | powerful,3
roughly 10 billion,roughly 10,2,2,10 | 10 billion | billion | roughly | roughly 10,10 | roughly | roughly 10,roughly 10 | 10 | roughly,3
rule would,rule would cap,2,2,rule | rule would | would,cap | rule | rule would | would | would cap,rule would | rule | would,3
rule would cap,would cap,2,2,cap | rule | rule would | would | would cap,cap | would | would cap,would cap | cap | would,3
swimmers tested positive,tested positive powerful,2,2,positive | swimmers | swimmers tested | tested | tested positive,positive | positive powerful | powerful | tested | tested positive,tested positive | positive | tested,3
tested positive,tested positive powerful,2,2,positive | tested | tested positive,positive | positive powerful | powerful | tested | tested positive,tested positive | positive | tested,3
tested positive powerful,positive powerful banned,2,2,positive | positive powerful | powerful | tested | tested positive,banned | positive | positive powerful | powerful | powerful banned,positive powerful | positive | powerful,3
credit cards,using credit cards,1,1,cards | credit | credit cards,cards | credit | credit cards | using | using credit,credit cards | cards | credit,3
cut interest rates,cutting interest rates,1,1,cut | cut interest | interest | interest rates | rates,cutting | cutting interest | interest | interest rates | rates,interest rates | interest | rates,3
cut interest rates,lower interest rates,1,1,cut | cut interest | interest | interest rates | rates,interest | interest rates | lower | lower interest | rates,interest rates | interest | rates,3
lower interest rates,cutting interest rates,1,1,interest | interest rates | lower | lower interest | rates,cutting | cutting interest | interest | interest rates | rates,interest rates | interest | rates,3
new york city,hochul new york,1,1,city | new | new york | york | york city,hochul | hochul new | new | new york | york,new york | new | york,3
new york city,new york times,1,1,city | new | new york | york | york city,new | new york | times | york | york times,new york | new | york,3
tested positive banned,tested positive powerful,1,1,banned | positive | positive banned | tested | tested positive,positive | positive powerful | powerful | tested | tested positive,tested positive | positive | tested,3
using credit cards,using credit,1,1,cards | credit | credit cards | using | using credit,credit | using | using credit,using credit | credit | using,3
west african nation,west african country,1,1,african | african nation | nation | west | west african,african | african country | country | west | west african,west african | african | west,3
netanyahu netanyahu,benjamin netanyahu netanyahu,165,165,netanyahu | netanyahu netanyahu,benjamin | benjamin netanyahu | netanyahu | netanyahu netanyahu,netanyahu netanyahu | netanyahu,2
donald trump trump,trump trump,155,155,donald | donald trump | trump | trump trump,trump | trump trump,trump trump | trump,2
harris harris,kamala harris harris,141,141,harris | harris harris,harris | harris harris | kamala | kamala harris,harris harris | harris,2
netanyahu netanyahu israel,benjamin netanyahu netanyahu,85,85,israel | netanyahu | netanyahu israel | netanyahu netanyahu,benjamin | benjamin netanyahu | netanyahu | netanyahu netanyahu,netanyahu netanyahu | netanyahu,2
netanyahu netanyahu israel,netanyahu netanyahu,85,85,israel | netanyahu | netanyahu israel | netanyahu netanyahu,netanyahu | netanyahu netanyahu,netanyahu netanyahu | netanyahu,2
adams adams,eric adams adams,32,32,adams | adams adams,adams | adams adams | eric | eric adams,adams adams | adams,2
donald trump trump,trump trump,26,26,donald | donald trump | trump | trump trump,trump | trump trump,trump trump | trump,2
antony blinken blinken,blinken blinken,21,21,antony | antony blinken | blinken | blinken blinken,blinken | blinken blinken,blinken blinken | blinken,2
wall wall,wall wall street,21,21,wall | wall wall,street | wall | wall street | wall wall,wall wall | wall,2
war gaza,gaza war,13,13,gaza | war | war gaza,gaza | gaza war | war,gaza | war,2
kamala harris harris,harris harris,12,12,harris | harris harris | kamala | kamala harris,harris | harris harris,harris harris | harris,2
donald trump trump,trump trump,11,11,donald | donald trump | trump | trump trump,trump | trump trump,trump trump | trump,2
trudeau trudeau,justin trudeau trudeau,11,11,trudeau | trudeau trudeau,justin | justin trudeau | trudeau | trudeau trudeau,trudeau trudeau | trudeau,2
cease fire gaza,gaza cease,10,10,cease | cease fire | fire | fire gaza | gaza,cease | gaza | gaza cease,cease | gaza,2
fire gaza,gaza cease fire,10,10,fire | fire gaza | gaza,cease | cease fire | fire | gaza | gaza cease,fire | gaza,2
might mean year,moments year might,9,9,mean | mean year | might | might mean | year,might | moments | moments year | year | year might,might | year,2
might mean year,year might,9,9,mean | mean year | might | might mean | year,might | year | year might,might | year,2
series called turning,turning points series,9,9,called | called turning | series | series called | turning,points | points series | series | turning | turning points,series | turning,2
year might mean,mean year,9,9,mean | might | might mean | year | year might,mean | mean year | year,mean | year,2
year might mean,mean year ahead,9,9,mean | might | might mean | year | year might,ahead | mean | mean year | year | year ahead,mean | year,2
justin trudeau trudeau,trudeau trudeau canada,5,5,justin | justin trudeau | trudeau | trudeau trudeau,canada | trudeau | trudeau canada | trudeau trudeau,trudeau trudeau | trudeau,2
trudeau trudeau,trudeau trudeau canada,5,5,trudeau | trudeau trudeau,canada | trudeau | trudeau canada | trudeau trudeau,trudeau trudeau | trudeau,2
cut rates,cut interest rates,3,3,cut | cut rates | rates,cut | cut interest | interest | interest rates | rates,cut | rates,2
new federal rule,new rule,2,2,federal | federal rule | new | new federal | rule,new | new rule | rule,new | rule,2
23 swimmers,23 chinese swimmers,1,1,23 | 23 swimmers | swimmers,23 | 23 chinese | chinese | chinese swimmers | swimmers,23 | swimmers,2
positive banned,positive powerful banned,1,1,banned | positive | positive banned,banned | positive | positive powerful | powerful | powerful banned,banned | positive,2
positive banned drug,positive powerful banned,1,1,banned | banned drug | drug | positive | positive banned,banned | positive | positive powerful | powerful | powerful banned,banned | positive,2
tested positive banned,positive powerful banned,1,1,banned | positive | positive banned | tested | tested positive,banned | positive | positive powerful | powerful | powerful banned,banned | positive,2
benjamin netanyahu,netanyahu netanyahu,165,165,benjamin | benjamin netanyahu | netanyahu,netanyahu | netanyahu netanyahu,netanyahu,1
donald trump,trump trump,156,156,donald | donald trump | trump,trump | trump trump,trump,1
harris harris,kamala harris,141,141,harris | harris harris,harris | kamala | kamala harris,harris,1
donald trump,elect donald,100,100,donald | donald trump | trump,donald | elect | elect donald,donald,1
donald trump,president elect donald,100,100,donald | donald trump | trump,donald | elect | elect donald | president | president elect,donald,1
elect donald,president elect,100,100,donald | elect | elect donald,elect | president | president elect,elect,1
elect donald trump,president elect,100,100,donald | donald trump | elect | elect donald | trump,elect | president | president elect,elect,1
benjamin netanyahu,netanyahu israel,88,88,benjamin | benjamin netanyahu | netanyahu,israel | netanyahu | netanyahu israel,netanyahu,1
netanyahu israel,benjamin netanyahu netanyahu,86,86,israel | netanyahu | netanyahu israel,benjamin | benjamin netanyahu | netanyahu | netanyahu netanyahu,netanyahu,1
netanyahu netanyahu,netanyahu israel,86,86,netanyahu | netanyahu netanyahu,israel | netanyahu | netanyahu israel,netanyahu,1
netanyahu netanyahu israel,benjamin netanyahu,85,85,israel | netanyahu | netanyahu israel | netanyahu netanyahu,benjamin | benjamin netanyahu | netanyahu,netanyahu,1
zelensky putin,volodymyr zelensky,84,84,putin | zelensky | zelensky putin,volodymyr | volodymyr zelensky | zelensky,zelensky,1
military said,israeli military,80,80,military,israeli | israeli military | military,military,1
military said,israeli military said,73,73,military,israeli | israeli military | military,military,1
fire deal,cease fire,72,72,deal | fire | fire deal,cease | cease fire | fire,fire,1
cease fire,fire gaza,61,61,cease | cease fire | fire,fire | fire gaza | gaza,fire,1
volodymyr zelensky,zelensky ukraine,59,59,volodymyr | volodymyr zelensky | zelensky,ukraine | zelensky | zelensky ukraine,zelensky,1
volodymyr zelensky putin,putin russia,51,51,putin | volodymyr | volodymyr zelensky | zelensky | zelensky putin,putin | putin russia | russia,putin,1
zelensky putin,putin russia,51,51,putin | zelensky | zelensky putin,putin | putin russia | russia,putin,1
zelensky putin russia,volodymyr zelensky,51,51,putin | putin russia | russia | zelensky | zelensky putin,volodymyr | volodymyr zelensky | zelensky,zelensky,1
al assad,bashar al,50,50,al | al assad | assad,al | bashar | bashar al,al,1
cease fire,gaza cease,49,49,cease | cease fire | fire,cease | gaza | gaza cease,cease,1
donald trump,mr trump,48,48,donald | donald trump | trump,mr | mr trump | trump,trump,1
york city,new york,48,48,city | york | york city,new | new york | york,york,1
west bank,occupied west,46,46,bank | west | west bank,occupied | occupied west | west,west,1
al assad,president bashar al,34,34,al | al assad | assad,al | bashar | bashar al | president | president bashar,al,1
new york,york times,34,34,new | new york | york,times | york | york times,york,1
eric adams,adams adams,32,32,adams | eric | eric adams,adams | adams adams,adams,1
new york,york times,32,32,new | new york | york,times | york | york times,york,1
reserve officials,federal reserve,32,32,officials | reserve | reserve officials,federal | federal reserve | reserve,reserve,1
criminal court,international criminal,31,31,court | criminal | criminal court,criminal | international | international criminal,criminal,1
cut interest,interest rates,31,31,cut | cut interest | interest,interest | interest rates | rates,interest,1
donald trump,trump administration,31,31,donald | donald trump | trump,administration | trump | trump administration,trump,1
war gaza,israel war,28,28,gaza | war | war gaza,israel | israel war | war,war,1
donald trump,trump said,27,27,donald | donald trump | trump,trump,trump,1
donald trump,mr trump,26,26,donald | donald trump | trump,mr | mr trump | trump,trump,1
donald trump,trump trump,26,26,donald | donald trump | trump,trump | trump trump,trump,1
officials said,officials say,25,25,officials,officials,officials,1
donald trump,elect donald,23,23,donald | donald trump | trump,donald | elect | elect donald,donald,1
donald trump,president elect donald,23,23,donald | donald trump | trump,donald | elect | elect donald | president | president elect,donald,1
elect donald,president elect,23,23,donald | elect | elect donald,elect | president | president elect,elect,1
elect donald trump,president elect,23,23,donald | donald trump | elect | elect donald | trump,elect | president | president elect,elect,1
israeli military,israeli forces,23,23,israeli | israeli military | military,forces | israeli | israeli forces,israeli,1
war ukraine,russia war,23,23,ukraine | war | war ukraine,russia | russia war | war,war,1
israel military,israeli military,22,22,israel | israel military | military,israeli | israeli military | military,military,1
israel military,military said,22,22,israel | israel military | military,military,military,1
new york,york times,22,22,new | new york | york,times | york | york times,york,1
antony blinken,blinken blinken,21,21,antony | antony blinken | blinken,blinken | blinken blinken,blinken,1
antony blinken blinken,secretary antony,21,21,antony | antony blinken | blinken | blinken blinken,antony | secretary | secretary antony,antony,1
donald trump,trump tariffs,21,21,donald | donald trump | trump,tariffs | trump | trump tariffs,trump,1
officials said,israeli officials,21,21,officials,israeli | israeli officials | officials,officials,1
secretary antony,antony blinken,21,21,antony | secretary | secretary antony,antony | antony blinken | blinken,antony,1
secretary antony blinken,blinken blinken,21,21,antony | antony blinken | blinken | secretary | secretary antony,blinken | blinken blinken,blinken,1
street journal,wall wall street,21,21,journal | street | street journal,street | wall | wall street | wall wall,street,1
wall street,street journal,21,21,street | wall | wall street,journal | street | street journal,street,1
wall street,wall wall,21,21,street | wall | wall street,wall | wall wall,wall,1
wall street journal,wall wall,21,21,journal | street | street journal | wall | wall street,wall | wall wall,wall,1
emmanuel macron,president emmanuel,20,20,emmanuel | emmanuel macron | macron,emmanuel | president | president emmanuel,emmanuel,1
trump said,donald trump said,20,20,trump,donald | donald trump | trump,trump,1
new year,new orleans,19,19,new | new year | year,new | new orleans | orleans,new,1
north korea,north korean,19,19,korea | north | north korea,korean | north | north korean,north,1
minister narendra,narendra modi,18,18,minister | minister narendra | narendra,modi | narendra | narendra modi,narendra,1
prime minister,minister narendra,18,18,minister | prime | prime minister,minister | minister narendra | narendra,minister,1
prime minister,minister narendra modi,18,18,minister | prime | prime minister,minister | minister narendra | modi | narendra | narendra modi,minister,1
prime minister narendra,narendra modi,18,18,minister | minister narendra | narendra | prime | prime minister,modi | narendra | narendra modi,narendra,1
war gaza,gaza strip,18,18,gaza | war | war gaza,gaza | gaza strip | strip,gaza,1
york city,new york,18,18,city | york | york city,new | new york | york,york,1
donald trump,elect donald,17,17,donald | donald trump | trump,donald | elect | elect donald,donald,1
donald trump,president elect donald,17,17,donald | donald trump | trump,donald | elect | elect donald | president | president elect,donald,1
elect donald,president elect,17,17,donald | elect | elect donald,elect | president | president elect,elect,1
elect donald trump,president elect,17,17,donald | donald trump | elect | elect donald | trump,elect | president | president elect,elect,1
gaza strip,cease fire gaza,17,17,gaza | gaza strip | strip,cease | cease fire | fire | fire gaza | gaza,gaza,1
gaza strip,fire gaza,17,17,gaza | gaza strip | strip,fire | fire gaza | gaza,gaza,1
united states,united nations,17,17,states | united | united states,nations | united | united nations,united,1
fight climate,climate change,16,16,climate | fight | fight climate,change | climate | climate change,climate,1
gaza strip,northern gaza,16,16,gaza | gaza strip | strip,gaza | northern | northern gaza,gaza,1
israeli military,israeli strike,16,16,israeli | israeli military | military,israeli | israeli strike | strike,israeli,1
nicolás maduro,president nicolás,16,16,maduro | nicol | nicol maduro,nicol | president | president nicol,nicol,1
rate cuts,interest rate,16,16,cuts | rate | rate cuts,interest | interest rate | rate,rate,1
abortion rights,right abortion,15,15,abortion | abortion rights | rights,abortion | right | right abortion,abortion,1
gaza city,southern gaza,15,15,city | gaza | gaza city,gaza | southern | southern gaza,gaza,1
aid ukraine,ukraine israel,14,14,aid | aid ukraine | ukraine,israel | ukraine | ukraine israel,ukraine,1
central bank,european central,14,14,bank | central | central bank,central | european | european central,central,1
north korea,south korea,14,14,korea | north | north korea,korea | south | south korea,korea,1
tested positive,swimmers tested,14,14,positive | tested | tested positive,swimmers | swimmers tested | tested,tested,1
israeli military,killed israeli,13,13,israeli | israeli military | military,israeli | killed | killed israeli,israeli,1
mr trump,elect donald trump,13,13,mr | mr trump | trump,donald | donald trump | elect | elect donald | trump,trump,1
officials say,israeli officials,13,13,officials,israeli | israeli officials | officials,officials,1
united automobile,automobile workers,13,13,automobile | united | united automobile,automobile | automobile workers | workers,automobile,1
york city,new york,13,13,city | york | york city,new | new york | york,york,1
aid ukraine,aid package,12,12,aid | aid ukraine | ukraine,aid | aid package | package,aid,1
cut rates,interest rates,12,12,cut | cut rates | rates,interest | interest rates | rates,rates,1
end war,war ukraine,12,12,end | end war | war,ukraine | war | war ukraine,war,1
gov kathy,kathy hochul,12,12,gov | gov kathy | kathy,hochul | kathy | kathy hochul,kathy,1
israel hamas,war israel,12,12,hamas | israel | israel hamas,israel | war | war israel,israel,1
kamala harris,harris harris,12,12,harris | kamala | kamala harris,harris | harris harris,harris,1
macron france,emmanuel macron,12,12,france | macron | macron france,emmanuel | emmanuel macron | macron,macron,1
mr trump,donald trump trump,12,12,mr | mr trump | trump,donald | donald trump | trump | trump trump,trump,1
mr trump,trump trump,12,12,mr | mr trump | trump,trump | trump trump,trump,1
officials said,ukrainian officials,12,12,officials,officials | ukrainian | ukrainian officials,officials,1
president biden,vice president,12,12,biden | president | president biden,president | vice | vice president,president,1
read week,paperbacks read,12,12,read | read week | week,paperbacks | paperbacks read | read,read,1
abortion bans,abortion rights,11,11,abortion | abortion bans | bans,abortion | abortion rights | rights,abortion,1
cease fire deal,gaza cease,11,11,cease | cease fire | deal | fire | fire deal,cease | gaza | gaza cease,cease,1
chinese swimmers,elite chinese,11,11,chinese | chinese swimmers | swimmers,chinese | elite | elite chinese,chinese,1
chinese swimmers,swimmers tested,11,11,chinese | chinese swimmers | swimmers,swimmers | swimmers tested | tested,swimmers,1
chinese swimmers,swimmers tested positive,11,11,chinese | chinese swimmers | swimmers,positive | swimmers | swimmers tested | tested | tested positive,swimmers,1
donald trump,trump administration,11,11,donald | donald trump | trump,administration | trump | trump administration,trump,1
donald trump,trump trump,11,11,donald | donald trump | trump,trump | trump trump,trump,1
east gulf,gulf coasts,11,11,east | east gulf | gulf,coasts | gulf | gulf coasts,gulf,1
federal reserve,chair federal,11,11,federal | federal reserve | reserve,chair | chair federal | federal,federal,1
fire deal,gaza cease fire,11,11,deal | fire | fire deal,cease | cease fire | fire | gaza | gaza cease,fire,1
interest rates,cutting interest,11,11,interest | interest rates | rates,cutting | cutting interest | interest,interest,1
jerome powell,powell chair,11,11,jerome | jerome powell | powell,chair | powell | powell chair,powell,1
justin trudeau,trudeau trudeau,11,11,justin | justin trudeau | trudeau,trudeau | trudeau trudeau,trudeau,1
prime justin,justin trudeau,11,11,justin | prime | prime justin,justin | justin trudeau | trudeau,justin,1
prime justin,justin trudeau trudeau,11,11,justin | prime | prime justin,justin | justin trudeau | trudeau | trudeau trudeau,justin,1
tested positive,chinese swimmers tested,11,11,positive | tested | tested positive,chinese | chinese swimmers | swimmers | swimmers tested | tested,tested,1
trudeau trudeau,prime justin trudeau,11,11,trudeau | trudeau trudeau,justin | justin trudeau | prime | prime justin | trudeau,trudeau,1
anti doping,doping agency,10,10,anti | anti doping | doping,agency | doping | doping agency,doping,1
chair federal,jerome powell chair,10,10,chair | chair federal | federal,chair | jerome | jerome powell | powell | powell chair,chair,1
chair federal,powell chair,10,10,chair | chair federal | federal,chair | powell | powell chair,chair,1
chair federal reserve,powell chair,10,10,chair | chair federal | federal | federal reserve | reserve,chair | powell | powell chair,chair,1
donald trump,trump tariffs,10,10,donald | donald trump | trump,tariffs | trump | trump tariffs,trump,1
emmanuel macron france,president emmanuel,10,10,emmanuel | emmanuel macron | france | macron | macron france,emmanuel | president | president emmanuel,emmanuel,1
federal reserve,powell chair federal,10,10,federal | federal reserve | reserve,chair | chair federal | federal | powell | powell chair,federal,1
fire gaza,gaza cease,10,10,fire | fire gaza | gaza,cease | gaza | gaza cease,gaza,1
interest rates,high interest,10,10,interest | interest rates | rates,high | high interest | interest,interest,1
interest rates,lower interest,10,10,interest | interest rates | rates,interest | lower | lower interest,interest,1
israel hezbollah,war israel,10,10,hezbollah | israel | israel hezbollah,israel | war | war israel,israel,1
israeli military said,israeli forces,10,10,israeli | israeli military | military,forces | israeli | israeli forces,israeli,1
israeli military said,israeli strike,10,10,israeli | israeli military | military,israeli | israeli strike | strike,israeli,1
jerome powell,powell chair federal,10,10,jerome | jerome powell | powell,chair | chair federal | federal | powell | powell chair,powell,1
jerome powell chair,chair federal reserve,10,10,chair | jerome | jerome powell | powell | powell chair,chair | chair federal | federal | federal reserve | reserve,chair,1
keir starmer,minister keir,10,10,keir | keir starmer | starmer,keir | minister | minister keir,keir,1
minister giorgia,giorgia meloni,10,10,giorgia | minister | minister giorgia,giorgia | giorgia meloni | meloni,giorgia,1
new york,york city,10,10,new | new york | york,city | york | york city,york,1
new york,york times,10,10,new | new york | york,times | york | york times,york,1
olaf scholz,chancellor olaf,10,10,olaf | olaf scholz | scholz,chancellor | chancellor olaf | olaf,olaf,1
president emmanuel macron,macron france,10,10,emmanuel | emmanuel macron | macron | president | president emmanuel,france | macron | macron france,macron,1
price index,consumer price,10,10,index | price | price index,consumer | consumer price | price,price,1
prime minister,minister giorgia,10,10,minister | prime | prime minister,giorgia | minister | minister giorgia,minister,1
prime minister,minister giorgia meloni,10,10,minister | prime | prime minister,giorgia | giorgia meloni | meloni | minister | minister giorgia,minister,1
prime minister,minister keir,10,10,minister | prime | prime minister,keir | minister | minister keir,minister,1
prime minister,minister keir starmer,10,10,minister | prime | prime minister,keir | keir starmer | minister | minister keir | starmer,minister,1
prime minister giorgia,giorgia meloni,10,10,giorgia | minister | minister giorgia | prime | prime minister,giorgia | giorgia meloni | meloni,giorgia,1
prime minister keir,keir starmer,10,10,keir | minister | minister keir | prime | prime minister,keir | keir starmer | starmer,keir,1
world anti,anti doping,10,10,anti | world | world anti,anti | anti doping | doping,anti,1
world anti,anti doping agency,10,10,anti | world | world anti,agency | anti | anti doping | doping | doping agency,anti,1
world anti doping,doping agency,10,10,anti | anti doping | doping | world | world anti,agency | doping | doping agency,doping,1
abortion rights,abortion ban,9,9,abortion | abortion rights | rights,abortion | abortion ban | ban,abortion,1
ahead read,read visiting,9,9,ahead | ahead read | read,read | read visiting | visiting,read,1
ahead read,year ahead,9,9,ahead | ahead read | read,ahead | year | year ahead,ahead,1
ahead read visiting,mean year ahead,9,9,ahead | ahead read | read | read visiting | visiting,ahead | mean | mean year | year | year ahead,ahead,1
ahead read visiting,visiting turning,9,9,ahead | ahead read | read | read visiting | visiting,turning | visiting | visiting turning,visiting,1
ahead read visiting,visiting turning points,9,9,ahead | ahead read | read | read visiting | visiting,points | turning | turning points | visiting | visiting turning,visiting,1
ahead read visiting,year ahead,9,9,ahead | ahead read | read | read visiting | visiting,ahead | year | year ahead,ahead,1
banned drug,positive banned,9,9,banned | banned drug | drug,banned | positive | positive banned,banned,1
banned drug,tested positive banned,9,9,banned | banned drug | drug,banned | positive | positive banned | tested | tested positive,banned,1
called turning,part series called,9,9,called | called turning | turning,called | part | part series | series | series called,called,1
called turning,series called,9,9,called | called turning | turning,called | series | series called,called,1
called turning,turning points series,9,9,called | called turning | turning,points | points series | series | turning | turning points,turning,1
called turning,visiting turning,9,9,called | called turning | turning,turning | visiting | visiting turning,turning,1
called turning,visiting turning points,9,9,called | called turning | turning,points | turning | turning points | visiting | visiting turning,turning,1
called turning points,part series called,9,9,called | called turning | points | turning | turning points,called | part | part series | series | series called,called,1
called turning points,points series,9,9,called | called turning | points | turning | turning points,points | points series | series,points,1
called turning points,points series page,9,9,called | called turning | points | turning | turning points,page | points | points series | series | series page,points,1
called turning points,points writers explore,9,9,called | called turning | points | turning | turning points,explore | points | points writers | writers | writers explore,points,1
called turning points,read visiting turning,9,9,called | called turning | points | turning | turning points,read | read visiting | turning | visiting | visiting turning,turning,1
called turning points,series called,9,9,called | called turning | points | turning | turning points,called | series | series called,called,1
called turning points,visiting turning,9,9,called | called turning | points | turning | turning points,turning | visiting | visiting turning,turning,1
critical moments,moments year might,9,9,critical | critical moments | moments,might | moments | moments year | year | year might,moments,1
critical moments,writers explore critical,9,9,critical | critical moments | moments,critical | explore | explore critical | writers | writers explore,critical,1
democratic republic,republic congo,9,9,democratic | democratic republic | republic,congo | republic | republic congo,republic,1
explore critical,critical moments,9,9,critical | explore | explore critical,critical | critical moments | moments,critical,1
explore critical,critical moments year,9,9,critical | explore | explore critical,critical | critical moments | moments | moments year | year,critical,1
explore critical,writers explore,9,9,critical | explore | explore critical,explore | writers | writers explore,explore,1
explore critical moments,moments year,9,9,critical | critical moments | explore | explore critical | moments,moments | moments year | year,moments,1
explore critical moments,moments year might,9,9,critical | critical moments | explore | explore critical | moments,might | moments | moments year | year | year might,moments,1
explore critical moments,writers explore,9,9,critical | critical moments | explore | explore critical | moments,explore | writers | writers explore,explore,1
gaza strip,gaza cease,9,9,gaza | gaza strip | strip,cease | gaza | gaza cease,gaza,1
gaza strip,gaza cease fire,9,9,gaza | gaza strip | strip,cease | cease fire | fire | gaza | gaza cease,gaza,1
gaza strip,southern gaza,9,9,gaza | gaza strip | strip,gaza | southern | southern gaza,gaza,1
interest rate,interest rates,9,9,interest | interest rate | rate,interest | interest rates | rates,interest,1
israeli airstrike,israeli strike,9,9,airstrike | israeli | israeli airstrike,israeli | israeli strike | strike,israeli,1
israeli military,israeli officials,9,9,israeli | israeli military | military,israeli | israeli officials | officials,israeli,1
mean year,critical moments year,9,9,mean | mean year | year,critical | critical moments | moments | moments year | year,year,1
mean year,might mean,9,9,mean | mean year | year,mean | might | might mean,mean,1
mean year,moments year,9,9,mean | mean year | year,moments | moments year | year,year,1
mean year,moments year might,9,9,mean | mean year | year,might | moments | moments year | year | year might,year,1
mean year,year ahead,9,9,mean | mean year | year,ahead | year | year ahead,year,1
mean year ahead,ahead read,9,9,ahead | mean | mean year | year | year ahead,ahead | ahead read | read,ahead,1
mean year ahead,critical moments year,9,9,ahead | mean | mean year | year | year ahead,critical | critical moments | moments | moments year | year,year,1
mean year ahead,might mean,9,9,ahead | mean | mean year | year | year ahead,mean | might | might mean,mean,1
mean year ahead,moments year,9,9,ahead | mean | mean year | year | year ahead,moments | moments year | year,year,1
mean year ahead,moments year might,9,9,ahead | mean | mean year | year | year ahead,might | moments | moments year | year | year might,year,1
might mean,moments year might,9,9,mean | might | might mean,might | moments | moments year | year | year might,might,1
might mean year,critical moments year,9,9,mean | mean year | might | might mean | year,critical | critical moments | moments | moments year | year,year,1
might mean year,moments year,9,9,mean | mean year | might | might mean | year,moments | moments year | year,year,1
might mean year,year ahead,9,9,mean | mean year | might | might mean | year,ahead | year | year ahead,year,1
might mean year,year ahead read,9,9,mean | mean year | might | might mean | year,ahead | ahead read | read | year | year ahead,year,1
moments year,critical moments,9,9,moments | moments year | year,critical | critical moments | moments,moments,1
part series,points series page,9,9,part | part series | series,page | points | points series | series | series page,series,1
part series,series called,9,9,part | part series | series,called | series | series called,series,1
part series,turning points series,9,9,part | part series | series,points | points series | series | turning | turning points,series,1
points series,part series,9,9,points | points series | series,part | part series | series,series,1
points series,part series called,9,9,points | points series | series,called | part | part series | series | series called,series,1
points series,series called,9,9,points | points series | series,called | series | series called,series,1
points series,visiting turning points,9,9,points | points series | series,points | turning | turning points | visiting | visiting turning,points,1
points series page,part series called,9,9,page | points | points series | series | series page,called | part | part series | series | series called,series,1
points series page,visiting turning points,9,9,page | points | points series | series | series page,points | turning | turning points | visiting | visiting turning,points,1
points writers,called turning points,9,9,points | points writers | writers,called | called turning | points | turning | turning points,points,1
points writers,points series,9,9,points | points writers | writers,points | points series | series,points,1
points writers,points series page,9,9,points | points writers | writers,page | points | points series | series | series page,points,1
points writers,turning points series,9,9,points | points writers | writers,points | points series | series | turning | turning points,points,1
points writers,visiting turning points,9,9,points | points writers | writers,points | turning | turning points | visiting | visiting turning,points,1
points writers,writers explore,9,9,points | points writers | writers,explore | writers | writers explore,writers,1
points writers,writers explore critical,9,9,points | points writers | writers,critical | explore | explore critical | writers | writers explore,writers,1
points writers explore,explore critical,9,9,explore | points | points writers | writers | writers explore,critical | explore | explore critical,explore,1
points writers explore,explore critical moments,9,9,explore | points | points writers | writers | writers explore,critical | critical moments | explore | explore critical | moments,explore,1
points writers explore,points series,9,9,explore | points | points writers | writers | writers explore,points | points series | series,points,1
points writers explore,points series page,9,9,explore | points | points writers | writers | writers explore,page | points | points series | series | series page,points,1
points writers explore,turning points series,9,9,explore | points | points writers | writers | writers explore,points | points series | series | turning | turning points,points,1
points writers explore,visiting turning points,9,9,explore | points | points writers | writers | writers explore,points | turning | turning points | visiting | visiting turning,points,1
positive banned,swimmers tested positive,9,9,banned | positive | positive banned,positive | swimmers | swimmers tested | tested | tested positive,positive,1
positive banned,tested positive,9,9,banned | positive | positive banned,positive | tested | tested positive,positive,1
positive banned drug,tested positive,9,9,banned | banned drug | drug | positive | positive banned,positive | tested | tested positive,positive,1
prime minister,defense minister,9,9,minister | prime | prime minister,defense | defense minister | minister,minister,1
read visiting,visiting turning,9,9,read | read visiting | visiting,turning | visiting | visiting turning,visiting,1
read visiting,visiting turning points,9,9,read | read visiting | visiting,points | turning | turning points | visiting | visiting turning,visiting,1
read visiting turning,ahead read,9,9,read | read visiting | turning | visiting | visiting turning,ahead | ahead read | read,read,1
read visiting turning,called turning,9,9,read | read visiting | turning | visiting | visiting turning,called | called turning | turning,turning,1
read visiting turning,turning points series,9,9,read | read visiting | turning | visiting | visiting turning,points | points series | series | turning | turning points,turning,1
read visiting turning,year ahead read,9,9,read | read visiting | turning | visiting | visiting turning,ahead | ahead read | read | year | year ahead,read,1
series called,points series page,9,9,called | series | series called,page | points | points series | series | series page,series,1
series called,turning points series,9,9,called | series | series called,points | points series | series | turning | turning points,series,1
series called turning,part series,9,9,called | called turning | series | series called | turning,part | part series | series,series,1
series called turning,points series,9,9,called | called turning | series | series called | turning,points | points series | series,series,1
series called turning,points series page,9,9,called | called turning | series | series called | turning,page | points | points series | series | series page,series,1
series called turning,read visiting turning,9,9,called | called turning | series | series called | turning,read | read visiting | turning | visiting | visiting turning,turning,1
series called turning,series page,9,9,called | called turning | series | series called | turning,page | series | series page,series,1
series called turning,turning points writers,9,9,called | called turning | series | series called | turning,points | points writers | turning | turning points | writers,turning,1
series called turning,visiting turning,9,9,called | called turning | series | series called | turning,turning | visiting | visiting turning,turning,1
series called turning,visiting turning points,9,9,called | called turning | series | series called | turning,points | turning | turning points | visiting | visiting turning,turning,1
series page,part series,9,9,page | series | series page,part | part series | series,series,1
series page,part series called,9,9,page | series | series page,called | part | part series | series | series called,series,1
series page,points series,9,9,page | series | series page,points | points series | series,series,1
series page,series called,9,9,page | series | series page,called | series | series called,series,1
series page,turning points series,9,9,page | series | series page,points | points series | series | turning | turning points,series,1
swimmers tested positive,positive banned drug,9,9,positive | swimmers | swimmers tested | tested | tested positive,banned | banned drug | drug | positive | positive banned,positive,1
tested positive banned,swimmers tested,9,9,banned | positive | positive banned | tested | tested positive,swimmers | swimmers tested | tested,tested,1
trump administration,elect donald trump,9,9,administration | trump | trump administration,donald | donald trump | elect | elect donald | trump,trump,1
turning points,called turning,9,9,points | turning | turning points,called | called turning | turning,turning,1
turning points,points series,9,9,points | turning | turning points,points | points series | series,points,1
turning points,points series page,9,9,points | turning | turning points,page | points | points series | series | series page,points,1
turning points,points writers,9,9,points | turning | turning points,points | points writers | writers,points,1
turning points,points writers explore,9,9,points | turning | turning points,explore | points | points writers | writers | writers explore,points,1
turning points,read visiting turning,9,9,points | turning | turning points,read | read visiting | turning | visiting | visiting turning,turning,1
turning points,series called turning,9,9,points | turning | turning points,called | called turning | series | series called | turning,turning,1
turning points,visiting turning,9,9,points | turning | turning points,turning | visiting | visiting turning,turning,1
turning points series,part series called,9,9,points | points series | series | turning | turning points,called | part | part series | series | series called,series,1
turning points series,visiting turning,9,9,points | points series | series | turning | turning points,turning | visiting | visiting turning,turning,1
turning points writers,called turning,9,9,points | points writers | turning | turning points | writers,called | called turning | turning,turning,1
turning points writers,points series,9,9,points | points writers | turning | turning points | writers,points | points series | series,points,1
turning points writers,points series page,9,9,points | points writers | turning | turning points | writers,page | points | points series | series | series page,points,1
turning points writers,read visiting turning,9,9,points | points writers | turning | turning points | writers,read | read visiting | turning | visiting | visiting turning,turning,1
turning points writers,visiting turning,9,9,points | points writers | turning | turning points | writers,turning | visiting | visiting turning,turning,1
turning points writers,writers explore,9,9,points | points writers | turning | turning points | writers,explore | writers | writers explore,writers,1
turning points writers,writers explore critical,9,9,points | points writers | turning | turning points | writers,critical | explore | explore critical | writers | writers explore,writers,1
ukraine war,war russia,9,9,ukraine | ukraine war | war,russia | war | war russia,war,1
united nations,nations climate,9,9,nations | united | united nations,climate | nations | nations climate,nations,1
writers explore critical,critical moments year,9,9,critical | explore | explore critical | writers | writers explore,critical | critical moments | moments | moments year | year,critical,1
year ahead,critical moments year,9,9,ahead | year | year ahead,critical | critical moments | moments | moments year | year,year,1
year ahead,moments year,9,9,ahead | year | year ahead,moments | moments year | year,year,1
year ahead,moments year might,9,9,ahead | year | year ahead,might | moments | moments year | year | year might,year,1
year ahead read,critical moments year,9,9,ahead | ahead read | read | year | year ahead,critical | critical moments | moments | moments year | year,year,1
year ahead read,mean year,9,9,ahead | ahead read | read | year | year ahead,mean | mean year | year,year,1
year ahead read,moments year,9,9,ahead | ahead read | read | year | year ahead,moments | moments year | year,year,1
year ahead read,moments year might,9,9,ahead | ahead read | read | year | year ahead,might | moments | moments year | year | year might,year,1
year ahead read,read visiting,9,9,ahead | ahead read | read | year | year ahead,read | read visiting | visiting,read,1
year ahead read,year might,9,9,ahead | ahead read | read | year | year ahead,might | year | year might,year,1
year might,critical moments year,9,9,might | year | year might,critical | critical moments | moments | moments year | year,year,1
year might,mean year,9,9,might | year | year might,mean | mean year | year,year,1
year might,mean year ahead,9,9,might | year | year might,ahead | mean | mean year | year | year ahead,year,1
year might,might mean,9,9,might | year | year might,mean | might | might mean,might,1
year might,moments year,9,9,might | year | year might,moments | moments year | year,year,1
year might,year ahead,9,9,might | year | year might,ahead | year | year ahead,year,1
year might mean,critical moments year,9,9,mean | might | might mean | year | year might,critical | critical moments | moments | moments year | year,year,1
year might mean,moments year,9,9,mean | might | might mean | year | year might,moments | moments year | year,year,1
year might mean,year ahead,9,9,mean | might | might mean | year | year might,ahead | year | year ahead,year,1
year might mean,year ahead read,9,9,mean | might | might mean | year | year might,ahead | ahead read | read | year | year ahead,year,1
abortion rights,anti abortion,8,8,abortion | abortion rights | rights,abortion | anti | anti abortion,abortion,1
african country,west african,8,8,african | african country | country,african | west | west african,african,1
burning planet,eat burning,8,8,burning | burning planet | planet,burning | eat | eat burning,burning,1
civil rights,rights movement,8,8,civil | civil rights | rights,movement | rights | rights movement,rights,1
donald trump said,elect donald,8,8,donald | donald trump | trump,donald | elect | elect donald,donald,1
donald trump said,president elect donald,8,8,donald | donald trump | trump,donald | elect | elect donald | president | president elect,donald,1
electric cars,electric vehicles,8,8,cars | electric | electric cars,electric | electric vehicles | vehicles,electric,1
electric vehicle,electric vehicles,8,8,electric | electric vehicle | vehicle,electric | electric vehicles | vehicles,electric,1
environmental protection,protection agency,8,8,environmental | environmental protection | protection,agency | protection | protection agency,protection,1
fed chair,chair federal,8,8,chair | fed | fed chair,chair | chair federal | federal,chair,1
fed chair,chair federal reserve,8,8,chair | fed | fed chair,chair | chair federal | federal | federal reserve | reserve,chair,1
fed chair,jerome powell chair,8,8,chair | fed | fed chair,chair | jerome | jerome powell | powell | powell chair,chair,1
fed chair,powell chair,8,8,chair | fed | fed chair,chair | powell | powell chair,chair,1
fed chair,powell chair federal,8,8,chair | fed | fed chair,chair | chair federal | federal | powell | powell chair,chair,1
gas emissions,greenhouse gas,8,8,emissions | gas | gas emissions,gas | greenhouse | greenhouse gas,gas,1
interest rates,rates steady,8,8,interest | interest rates | rates,rates | rates steady | steady,rates,1
interest rates,rates unchanged,8,8,interest | interest rates | rates,rates | rates unchanged | unchanged,rates,1
israeli soccer,soccer fans,8,8,israeli | israeli soccer | soccer,fans | soccer | soccer fans,soccer,1
national association,association realtors,8,8,association | national | national association,association | association realtors | realtors,association,1
new paperbacks,paperbacks read,8,8,new | new paperbacks | paperbacks,paperbacks | paperbacks read | read,paperbacks,1
new paperbacks,paperbacks read week,8,8,new | new paperbacks | paperbacks,paperbacks | paperbacks read | read | read week | week,paperbacks,1
new york,york city,8,8,new | new york | york,city | york | york city,york,1
rates thursday,interest rates,8,8,rates | rates thursday | thursday,interest | interest rates | rates,rates,1
read week,new paperbacks read,8,8,read | read week | week,new | new paperbacks | paperbacks | paperbacks read | read,read,1
right national,far right,8,8,national | right | right national,far | far right | right,right,1
right party,far right,8,8,party | right | right party,far | far right | right,right,1
tested positive banned,chinese swimmers tested,8,8,banned | positive | positive banned | tested | tested positive,chinese | chinese swimmers | swimmers | swimmers tested | tested,tested,1
trump said,elect donald trump,8,8,trump,donald | donald trump | elect | elect donald | trump,trump,1
war ii,world war,8,8,ii | war | war ii,war | world | world war,war,1
11 2001,sept 11,7,7,11 | 11 2001 | 2001,11 | sept | sept 11,11,1
album cowboy,cowboy carter,7,7,album | album cowboy | cowboy,carter | cowboy | cowboy carter,cowboy,1
asylum seekers,seekers rwanda,7,7,asylum | asylum seekers | seekers,rwanda | seekers | seekers rwanda,seekers,1
barclay opinion,eliza barclay,7,7,barclay | barclay opinion | opinion,barclay | eliza | eliza barclay,barclay,1
barclay opinion,opinion climate,7,7,barclay | barclay opinion | opinion,climate | opinion | opinion climate,opinion,1
bold ideas,exploring bold,7,7,bold | bold ideas | ideas,bold | exploring | exploring bold,bold,1
bold ideas,ideas secure,7,7,bold | bold ideas | ideas,ideas | ideas secure | secure,ideas,1
bold ideas,ideas secure food,7,7,bold | bold ideas | ideas,food | ideas | ideas secure | secure | secure food,ideas,1
bold ideas,series exploring bold,7,7,bold | bold ideas | ideas,bold | exploring | exploring bold | series | series exploring,bold,1
bold ideas secure,exploring bold,7,7,bold | bold ideas | ideas | ideas secure | secure,bold | exploring | exploring bold,bold,1
bold ideas secure,secure food,7,7,bold | bold ideas | ideas | ideas secure | secure,food | secure | secure food,secure,1
bold ideas secure,series exploring bold,7,7,bold | bold ideas | ideas | ideas secure | secure,bold | exploring | exploring bold | series | series exploring,bold,1
burning planet,planet series exploring,7,7,burning | burning planet | planet,exploring | planet | planet series | series | series exploring,planet,1
burning planet series,eat burning,7,7,burning | burning planet | planet | planet series | series,burning | eat | eat burning,burning,1
burning planet series,series exploring,7,7,burning | burning planet | planet | planet series | series,exploring | series | series exploring,series,1
burning planet series,series exploring bold,7,7,burning | burning planet | planet | planet series | series,bold | exploring | exploring bold | series | series exploring,series,1
climate change,combat climate,7,7,change | climate | climate change,climate | combat | combat climate,climate,1
climate change,global climate,7,7,change | climate | climate change,climate | global | global climate,climate,1
climate editor,barclay opinion climate,7,7,climate | climate editor | editor,barclay | barclay opinion | climate | opinion | opinion climate,climate,1
climate editor,opinion climate,7,7,climate | climate editor | editor,climate | opinion | opinion climate,climate,1
cut interest,rate cut,7,7,cut | cut interest | interest,cut | rate | rate cut,cut,1
cut interest rates,rate cut,7,7,cut | cut interest | interest | interest rates | rates,cut | rate | rate cut,cut,1
electric vehicles,chinese electric,7,7,electric | electric vehicles | vehicles,chinese | chinese electric | electric,electric,1
electric vehicles,tariffs electric,7,7,electric | electric vehicles | vehicles,electric | tariffs | tariffs electric,electric,1
eliza barclay,barclay opinion climate,7,7,barclay | eliza | eliza barclay,barclay | barclay opinion | climate | opinion | opinion climate,barclay,1
eliza barclay,project note eliza,7,7,barclay | eliza | eliza barclay,eliza | note | note eliza | project | project note,eliza,1
eliza barclay opinion,note eliza,7,7,barclay | barclay opinion | eliza | eliza barclay | opinion,eliza | note | note eliza,eliza,1
eliza barclay opinion,opinion climate,7,7,barclay | barclay opinion | eliza | eliza barclay | opinion,climate | opinion | opinion climate,opinion,1
eliza barclay opinion,project note eliza,7,7,barclay | barclay opinion | eliza | eliza barclay | opinion,eliza | note | note eliza | project | project note,eliza,1
exploring bold,series exploring,7,7,bold | exploring | exploring bold,exploring | series | series exploring,exploring,1
exploring bold ideas,ideas secure,7,7,bold | bold ideas | exploring | exploring bold | ideas,ideas | ideas secure | secure,ideas,1
exploring bold ideas,ideas secure food,7,7,bold | bold ideas | exploring | exploring bold | ideas,food | ideas | ideas secure | secure | secure food,ideas,1
exploring bold ideas,series exploring,7,7,bold | bold ideas | exploring | exploring bold | ideas,exploring | series | series exploring,exploring,1
far right,right national rally,7,7,far | far right | right,national | national rally | rally | right | right national,right,1
far right national,national rally,7,7,far | far right | national | right | right national,national | national rally | rally,national,1
food supply,supply read,7,7,food | food supply | supply,read | supply | supply read,supply,1
food supply,supply read project,7,7,food | food supply | supply,project | read | read project | supply | supply read,supply,1
food supply read,ideas secure food,7,7,food | food supply | read | supply | supply read,food | ideas | ideas secure | secure | secure food,food,1
food supply read,read project note,7,7,food | food supply | read | supply | supply read,note | project | project note | read | read project,read,1
food supply read,secure food,7,7,food | food supply | read | supply | supply read,food | secure | secure food,food,1
gaza city,northern gaza,7,7,city | gaza | gaza city,gaza | northern | northern gaza,gaza,1
ideas secure food,food supply,7,7,food | ideas | ideas secure | secure | secure food,food | food supply | supply,food,1
interest rate,rate cut,7,7,interest | interest rate | rate,cut | rate | rate cut,rate,1
israel military,israeli military said,7,7,israel | israel military | military,israeli | israeli military | military,military,1
israeli forces,killed israeli,7,7,forces | israeli | israeli forces,israeli | killed | killed israeli,israeli,1
israeli military,israeli airstrike,7,7,israeli | israeli military | military,airstrike | israeli | israeli airstrike,israeli,1
israeli strike,killed israeli,7,7,israeli | israeli strike | strike,israeli | killed | killed israeli,israeli,1
japan nippon,nippon steel,7,7,japan | japan nippon | nippon,nippon | nippon steel | steel,nippon,1
killed israeli,israeli airstrikes,7,7,israeli | killed | killed israeli,airstrikes | israeli | israeli airstrikes,israeli,1
live updates,follow live,7,7,live | live updates | updates,follow | follow live | live,live,1
narendra modi,modi india,7,7,modi | narendra | narendra modi,india | modi | modi india,modi,1
note eliza,eliza barclay,7,7,eliza | note | note eliza,barclay | eliza | eliza barclay,eliza,1
note eliza,read project note,7,7,eliza | note | note eliza,note | project | project note | read | read project,note,1
note eliza barclay,barclay opinion,7,7,barclay | eliza | eliza barclay | note | note eliza,barclay | barclay opinion | opinion,barclay,1
note eliza barclay,barclay opinion climate,7,7,barclay | eliza | eliza barclay | note | note eliza,barclay | barclay opinion | climate | opinion | opinion climate,barclay,1
note eliza barclay,project note,7,7,barclay | eliza | eliza barclay | note | note eliza,note | project | project note,note,1
note eliza barclay,read project note,7,7,barclay | eliza | eliza barclay | note | note eliza,note | project | project note | read | read project,note,1
officials said,officials say,7,7,officials,officials,officials,1
opinion climate editor,barclay opinion,7,7,climate | climate editor | editor | opinion | opinion climate,barclay | barclay opinion | opinion,opinion,1
opinion climate editor,eliza barclay opinion,7,7,climate | climate editor | editor | opinion | opinion climate,barclay | barclay opinion | eliza | eliza barclay | opinion,opinion,1
planet series,burning planet,7,7,planet | planet series | series,burning | burning planet | planet,planet,1
planet series,eat burning planet,7,7,planet | planet series | series,burning | burning planet | eat | eat burning | planet,planet,1
planet series,series exploring,7,7,planet | planet series | series,exploring | series | series exploring,series,1
planet series,series exploring bold,7,7,planet | planet series | series,bold | exploring | exploring bold | series | series exploring,series,1
planet series exploring,eat burning planet,7,7,exploring | planet | planet series | series | series exploring,burning | burning planet | eat | eat burning | planet,planet,1
planet series exploring,exploring bold,7,7,exploring | planet | planet series | series | series exploring,bold | exploring | exploring bold,exploring,1
planet series exploring,exploring bold ideas,7,7,exploring | planet | planet series | series | series exploring,bold | bold ideas | exploring | exploring bold | ideas,exploring,1
project note,note eliza,7,7,note | project | project note,eliza | note | note eliza,note,1
project note,supply read project,7,7,note | project | project note,project | read | read project | supply | supply read,project,1
project note eliza,supply read project,7,7,eliza | note | note eliza | project | project note,project | read | read project | supply | supply read,project,1
read project,food supply read,7,7,project | read | read project,food | food supply | read | supply | supply read,read,1
read project,project note,7,7,project | read | read project,note | project | project note,project,1
read project,project note eliza,7,7,project | read | read project,eliza | note | note eliza | project | project note,project,1
read project,supply read,7,7,project | read | read project,read | supply | supply read,read,1
read project note,supply read,7,7,note | project | project note | read | read project,read | supply | supply read,read,1
reflection part,part series,7,7,part | reflection | reflection part,part | part series | series,part,1
reflection part,part series called,7,7,part | reflection | reflection part,called | part | part series | series | series called,part,1
reflection part,personal reflection,7,7,part | reflection | reflection part,personal | personal reflection | reflection,reflection,1
right national,national rally,7,7,national | right | right national,national | national rally | rally,national,1
secure food,food supply,7,7,food | secure | secure food,food | food supply | supply,food,1
secure food,ideas secure,7,7,food | secure | secure food,ideas | ideas secure | secure,secure,1
secure food supply,bold ideas secure,7,7,food | food supply | secure | secure food | supply,bold | bold ideas | ideas | ideas secure | secure,secure,1
secure food supply,ideas secure,7,7,food | food supply | secure | secure food | supply,ideas | ideas secure | secure,secure,1
secure food supply,supply read,7,7,food | food supply | secure | secure food | supply,read | supply | supply read,supply,1
secure food supply,supply read project,7,7,food | food supply | secure | secure food | supply,project | read | read project | supply | supply read,supply,1
sept 11,11 case,7,7,11 | sept | sept 11,11 | 11 case | case,11,1
ukraine war,russia ukraine,7,7,ukraine | ukraine war | war,russia | russia ukraine | ukraine,ukraine,1
ukrainian officials,officials say,7,7,officials | ukrainian | ukrainian officials,officials,officials,1
war gaza,gaza cease,7,7,gaza | war | war gaza,cease | gaza | gaza cease,gaza,1
war gaza,gaza cease fire,7,7,gaza | war | war gaza,cease | cease fire | fire | gaza | gaza cease,gaza,1
years ago,four years,7,7,ago | years | years ago,four | four years | years,years,1
23 elite,elite chinese,6,6,23 | 23 elite | elite,chinese | elite | elite chinese,elite,1
23 elite,elite chinese swimmers,6,6,23 | 23 elite | elite,chinese | chinese swimmers | elite | elite chinese | swimmers,elite,1
23 elite chinese,chinese swimmers,6,6,23 | 23 elite | chinese | elite | elite chinese,chinese | chinese swimmers | swimmers,chinese,1
abortion bans,right abortion,6,6,abortion | abortion bans | bans,abortion | right | right abortion,abortion,1
abortion pills,abortion pill,6,6,abortion | abortion pills | pills,abortion | abortion pill | pill,abortion,1
alternative germany,germany party,6,6,alternative | alternative germany | germany,germany | germany party | party,germany,1
alternative germany,right alternative,6,6,alternative | alternative germany | germany,alternative | right | right alternative,alternative,1
anti abortion,abortion ban,6,6,abortion | anti | anti abortion,abortion | abortion ban | ban,abortion,1
automobile workers,workers union,6,6,automobile | automobile workers | workers,union | workers | workers union,workers,1
biden administration,president biden,6,6,administration | biden | biden administration,biden | president | president biden,biden,1
burning planet,part eat burning,6,6,burning | burning planet | planet,burning | eat | eat burning | part | part eat,burning,1
burning planet series,part eat burning,6,6,burning | burning planet | planet | planet series | series,burning | eat | eat burning | part | part eat,burning,1
central bank,bank england,6,6,bank | central | central bank,bank | bank england | england,bank,1
climate change,climate activists,6,6,change | climate | climate change,activists | climate | climate activists,climate,1
consumer financial protection,protection bureau,6,6,consumer | consumer financial | financial | financial protection | protection,bureau | protection | protection bureau,protection,1
doping case,chinese doping,6,6,case | doping | doping case,chinese | chinese doping | doping,doping,1
eat burning,part eat,6,6,burning | eat | eat burning,eat | part | part eat,eat,1
eat burning planet,part eat,6,6,burning | burning planet | eat | eat burning | planet,eat | part | part eat,eat,1
elite chinese,chinese swimmers tested,6,6,chinese | elite | elite chinese,chinese | chinese swimmers | swimmers | swimmers tested | tested,chinese,1
elite chinese swimmers,swimmers tested,6,6,chinese | chinese swimmers | elite | elite chinese | swimmers,swimmers | swimmers tested | tested,swimmers,1
elite chinese swimmers,swimmers tested positive,6,6,chinese | chinese swimmers | elite | elite chinese | swimmers,positive | swimmers | swimmers tested | tested | tested positive,swimmers,1
financial protection,consumer financial,6,6,financial | financial protection | protection,consumer | consumer financial | financial,financial,1
financial protection bureau,consumer financial,6,6,bureau | financial | financial protection | protection | protection bureau,consumer | consumer financial | financial,financial,1
hamas led,israel hamas,6,6,hamas | hamas led | led,hamas | israel | israel hamas,hamas,1
including titles,book review including,6,6,including | including titles | titles,book | book review | including | review | review including,including,1
including titles,review including,6,6,including | including titles | titles,including | review | review including,including,1
israel hamas,attack israel,6,6,hamas | israel | israel hamas,attack | attack israel | israel,israel,1
israel military,gaza israel,6,6,israel | israel military | military,gaza | gaza israel | israel,israel,1
israel said,gaza israel,6,6,israel,gaza | gaza israel | israel,israel,1
israeli airstrike,killed israeli,6,6,airstrike | israeli | israeli airstrike,israeli | killed | killed israeli,israeli,1
israeli military,israeli airstrikes,6,6,israeli | israeli military | military,airstrikes | israeli | israeli airstrikes,israeli,1
minister narendra modi,modi india,6,6,minister | minister narendra | modi | narendra | narendra modi,india | modi | modi india,modi,1
positive tests,tested positive,6,6,positive | positive tests | tests,positive | tested | tested positive,positive,1
president biden,biden administration,6,6,biden | president | president biden,administration | biden | biden administration,biden,1
pricing plan,congestion pricing,6,6,plan | pricing | pricing plan,congestion | congestion pricing | pricing,pricing,1
protection bureau,financial protection,6,6,bureau | protection | protection bureau,financial | financial protection | protection,protection,1
rate cuts,rate cut,6,6,cuts | rate | rate cuts,cut | rate | rate cut,rate,1
review including,book review,6,6,including | review | review including,book | book review | review,review,1
review including titles,book review,6,6,including | including titles | review | review including | titles,book | book review | review,review,1
seekers rwanda,send asylum seekers,6,6,rwanda | seekers | seekers rwanda,asylum | asylum seekers | seekers | send | send asylum,seekers,1
shaikh mohammed,khalid shaikh,6,6,mohammed | shaikh | shaikh mohammed,khalid | khalid shaikh | shaikh,shaikh,1
tariffs chinese,chinese electric,6,6,chinese | tariffs | tariffs chinese,chinese | chinese electric | electric,chinese,1
three years,years ago,6,6,three | three years | years,ago | years | years ago,years,1
trump administration,biden administration,6,6,administration | trump | trump administration,administration | biden | biden administration,administration,1
trump said,donald trump trump,6,6,trump,donald | donald trump | trump | trump trump,trump,1
trump said,trump trump,6,6,trump,trump | trump trump,trump,1
ukraine war,volodymyr zelensky ukraine,6,6,ukraine | ukraine war | war,ukraine | volodymyr | volodymyr zelensky | zelensky | zelensky ukraine,ukraine,1
ukraine war,zelensky ukraine,6,6,ukraine | ukraine war | war,ukraine | zelensky | zelensky ukraine,ukraine,1
united automobile,automobile workers union,6,6,automobile | united | united automobile,automobile | automobile workers | union | workers | workers union,automobile,1
united automobile workers,workers union,6,6,automobile | automobile workers | united | united automobile | workers,union | workers | workers union,workers,1
war china,trade war,6,6,china | war | war china,trade | trade war | war,war,1
war gaza,war israel,6,6,gaza | war | war gaza,israel | war | war israel,war,1
weight loss,loss drugs,6,6,loss | weight | weight loss,drugs | loss | loss drugs,loss,1
west african,african nation,6,6,african | west | west african,african | african nation | nation,african,1
years ago,two years,6,6,ago | years | years ago,two | two years | years,years,1
abortion pill,anti abortion,5,5,abortion | abortion pill | pill,abortion | anti | anti abortion,abortion,1
abortion rights,abortion access,5,5,abortion | abortion rights | rights,abortion | abortion access | access,abortion,1
african national,national congress,5,5,african | african national | national,congress | national | national congress,national,1
attack israel,israel said,5,5,attack | attack israel | israel,israel,israel,1
biden administration,president biden,5,5,administration | biden | biden administration,biden | president | president biden,biden,1
biden administration,president biden,5,5,administration | biden | biden administration,biden | president | president biden,biden,1
cease fire deal,fire gaza,5,5,cease | cease fire | deal | fire | fire deal,fire | fire gaza | gaza,fire,1
chief executive,unitedhealthcare chief,5,5,chief | chief executive | executive,chief | unitedhealthcare | unitedhealthcare chief,chief,1
chinese swimmers,chinese doping,5,5,chinese | chinese swimmers | swimmers,chinese | chinese doping | doping,chinese,1
chinese swimmers,chinese doping case,5,5,chinese | chinese swimmers | swimmers,case | chinese | chinese doping | doping | doping case,chinese,1
chinese swimmers tested,chinese doping,5,5,chinese | chinese swimmers | swimmers | swimmers tested | tested,chinese | chinese doping | doping,chinese,1
chinese swimmers tested,chinese doping case,5,5,chinese | chinese swimmers | swimmers | swimmers tested | tested,case | chinese | chinese doping | doping | doping case,chinese,1
climate change,climate summit,5,5,change | climate | climate change,climate | climate summit | summit,climate,1
climate change,nations climate,5,5,change | climate | climate change,climate | nations | nations climate,climate,1
climate change,united nations climate,5,5,change | climate | climate change,climate | nations | nations climate | united | united nations,climate,1
climate talks,nations climate,5,5,climate | climate talks | talks,climate | nations | nations climate,climate,1
climate talks,united nations climate,5,5,climate | climate talks | talks,climate | nations | nations climate | united | united nations,climate,1
communist party,chinese communist,5,5,communist | communist party | party,chinese | chinese communist | communist,communist,1
cut interest rates,rates thursday,5,5,cut | cut interest | interest | interest rates | rates,rates | rates thursday | thursday,rates,1
electric cars,tariffs electric,5,5,cars | electric | electric cars,electric | tariffs | tariffs electric,electric,1
far right,right alternative,5,5,far | far right | right,alternative | right | right alternative,right,1
far right,right alternative germany,5,5,far | far right | right,alternative | alternative germany | germany | right | right alternative,right,1
fire deal,cease fire gaza,5,5,deal | fire | fire deal,cease | cease fire | fire | fire gaza | gaza,fire,1
fire deal,fire gaza,5,5,deal | fire | fire deal,fire | fire gaza | gaza,fire,1
gaza strip,gaza israel,5,5,gaza | gaza strip | strip,gaza | gaza israel | israel,gaza,1
global climate,climate talks,5,5,climate | global | global climate,climate | climate talks | talks,climate,1
heat wave,heat waves,5,5,heat | heat wave | wave,heat | heat waves | waves,heat,1
intelligence service,hong kong intelligence,5,5,intelligence | intelligence service | service,hong | hong kong | intelligence | kong | kong intelligence,intelligence,1
israel hamas,gaza israel,5,5,hamas | israel | israel hamas,gaza | gaza israel | israel,israel,1
israel military,attack israel,5,5,israel | israel military | military,attack | attack israel | israel,israel,1
israeli military said,killed israeli,5,5,israeli | israeli military | military,israeli | killed | killed israeli,israeli,1
julian assange,assange wikileaks,5,5,assange | julian | julian assange,assange | assange wikileaks | wikileaks,assange,1
julian assange,assange wikileaks founder,5,5,assange | julian | julian assange,assange | assange wikileaks | founder | wikileaks | wikileaks founder,assange,1
justin trudeau,trudeau canada,5,5,justin | justin trudeau | trudeau,canada | trudeau | trudeau canada,trudeau,1
justin trudeau,trudeau trudeau canada,5,5,justin | justin trudeau | trudeau,canada | trudeau | trudeau canada | trudeau trudeau,trudeau,1
justin trudeau trudeau,trudeau canada,5,5,justin | justin trudeau | trudeau | trudeau trudeau,canada | trudeau | trudeau canada,trudeau,1
kong intelligence,hong kong,5,5,intelligence | kong | kong intelligence,hong | hong kong | kong,kong,1
kong intelligence,intelligence service,5,5,intelligence | kong | kong intelligence,intelligence | intelligence service | service,intelligence,1
kong intelligence service,hong kong,5,5,intelligence | intelligence service | kong | kong intelligence | service,hong | hong kong | kong,kong,1
metropolitan transportation,transportation authority,5,5,metropolitan | metropolitan transportation | transportation,authority | transportation | transportation authority,transportation,1
mr trump,donald trump trump,5,5,mr | mr trump | trump,donald | donald trump | trump | trump trump,trump,1
mr trump,trump said,5,5,mr | mr trump | trump,trump,trump,1
mr trump,trump trump,5,5,mr | mr trump | trump,trump | trump trump,trump,1
netanyahu israel,israel war,5,5,israel | netanyahu | netanyahu israel,israel | israel war | war,israel,1
netanyahu netanyahu israel,israel war,5,5,israel | netanyahu | netanyahu israel | netanyahu netanyahu,israel | israel war | war,israel,1
new york,new books,5,5,new | new york | york,books | new | new books,new,1
new york times,new books,5,5,new | new york | times | york | york times,books | new | new books,new,1
percent year,year earlier,5,5,percent | percent year | year,earlier | year | year earlier,year,1
pharmacy benefit,benefit managers,5,5,benefit | pharmacy | pharmacy benefit,benefit | benefit managers | managers,benefit,1
port au,au prince,5,5,au | port | port au,au | au prince | prince,au,1
positive tests,swimmers tested positive,5,5,positive | positive tests | tests,positive | swimmers | swimmers tested | tested | tested positive,positive,1
president biden,president elect,5,5,biden | president | president biden,elect | president | president elect,president,1
president biden,president elect donald,5,5,biden | president | president biden,donald | elect | elect donald | president | president elect,president,1
presidential election,venezuela presidential,5,5,election | presidential | presidential election,presidential | venezuela | venezuela presidential,presidential,1
prime justin trudeau,trudeau canada,5,5,justin | justin trudeau | prime | prime justin | trudeau,canada | trudeau | trudeau canada,trudeau,1
prime justin trudeau,trudeau trudeau canada,5,5,justin | justin trudeau | prime | prime justin | trudeau,canada | trudeau | trudeau canada | trudeau trudeau,trudeau,1
prime minister,india prime,5,5,minister | prime | prime minister,india | india prime | prime,prime,1
prime minister,minister rishi,5,5,minister | prime | prime minister,minister | minister rishi | rishi,minister,1
prime minister,minister rishi sunak,5,5,minister | prime | prime minister,minister | minister rishi | rishi | rishi sunak | sunak,minister,1
putin russia,vladimir putin,5,5,putin | putin russia | russia,putin | vladimir | vladimir putin,putin,1
rates unchanged,rates steady,5,5,rates | rates unchanged | unchanged,rates | rates steady | steady,rates,1
rishi sunak,minister rishi,5,5,rishi | rishi sunak | sunak,minister | minister rishi | rishi,rishi,1
rishi sunak,prime minister rishi,5,5,rishi | rishi sunak | sunak,minister | minister rishi | prime | prime minister | rishi,rishi,1
tropical storm,storm debby,5,5,storm | tropical | tropical storm,debby | storm | storm debby,storm,1
trudeau trudeau,trudeau canada,5,5,trudeau | trudeau trudeau,canada | trudeau | trudeau canada,trudeau,1
tulsa race,race massacre,5,5,race | tulsa | tulsa race,massacre | race | race massacre,race,1
war gaza,gaza israel,5,5,gaza | war | war gaza,gaza | gaza israel | israel,gaza,1
wikileaks founder,assange wikileaks,5,5,founder | wikileaks | wikileaks founder,assange | assange wikileaks | wikileaks,wikileaks,1
wikileaks founder,julian assange wikileaks,5,5,founder | wikileaks | wikileaks founder,assange | assange wikileaks | julian | julian assange | wikileaks,wikileaks,1
23 elite chinese,chinese swimmers tested,4,4,23 | 23 elite | chinese | elite | elite chinese,chinese | chinese swimmers | swimmers | swimmers tested | tested,chinese,1
action lawsuit,class action,4,4,action | action lawsuit | lawsuit,action | class | class action,action,1
alternative germany party,right alternative,4,4,alternative | alternative germany | germany | germany party | party,alternative | right | right alternative,alternative,1
archegos capital,capital management,4,4,archegos | archegos capital | capital,capital | capital management | management,capital,1
attack israel,israel war,4,4,attack | attack israel | israel,israel | israel war | war,israel,1
cease fire gaza,gaza israel,4,4,cease | cease fire | fire | fire gaza | gaza,gaza | gaza israel | israel,gaza,1
climate change,climate policy,4,4,change | climate | climate change,climate | climate policy | policy,climate,1
climate change,climate talks,4,4,change | climate | climate change,climate | climate talks | talks,climate,1
climate crisis,climate change,4,4,climate | climate crisis | crisis,change | climate | climate change,climate,1
climate summit,nations climate,4,4,climate | climate summit | summit,climate | nations | nations climate,climate,1
climate summit,united nations climate,4,4,climate | climate summit | summit,climate | nations | nations climate | united | united nations,climate,1
cut rates,lower interest rates,4,4,cut | cut rates | rates,interest | interest rates | lower | lower interest | rates,rates,1
cut rates,rate cut,4,4,cut | cut rates | rates,cut | rate | rate cut,cut,1
defense secretary lloyd,lloyd austin,4,4,defense | defense secretary | lloyd | secretary | secretary lloyd,austin | lloyd | lloyd austin,lloyd,1
extreme heat,heat wave,4,4,extreme | extreme heat | heat,heat | heat wave | wave,heat,1
extreme heat,heat waves,4,4,extreme | extreme heat | heat,heat | heat waves | waves,heat,1
fire gaza,gaza israel,4,4,fire | fire gaza | gaza,gaza | gaza israel | israel,gaza,1
fossil fuels,fossil fuel,4,4,fossil | fossil fuels | fuels,fossil | fossil fuel | fuel,fossil,1
gaza israel,northern gaza,4,4,gaza | gaza israel | israel,gaza | northern | northern gaza,gaza,1
gaza strip,gaza city,4,4,gaza | gaza strip | strip,city | gaza | gaza city,gaza,1
gaza war,israel war,4,4,gaza | gaza war | war,israel | israel war | war,war,1
germany party,right alternative germany,4,4,germany | germany party | party,alternative | alternative germany | germany | right | right alternative,germany,1
global warming,planet warming,4,4,global | global warming | warming,planet | planet warming | warming,warming,1
gov kathy,kathy hochul new,4,4,gov | gov kathy | kathy,hochul | hochul new | kathy | kathy hochul | new,kathy,1
gov kathy hochul,hochul new,4,4,gov | gov kathy | hochul | kathy | kathy hochul,hochul | hochul new | new,hochul,1
gov kathy hochul,hochul new york,4,4,gov | gov kathy | hochul | kathy | kathy hochul,hochul | hochul new | new | new york | york,hochul,1
interest rate cuts,interest rates,4,4,cuts | interest | interest rate | rate | rate cuts,interest | interest rates | rates,interest,1
interest rates,mortgage rates,4,4,interest | interest rates | rates,mortgage | mortgage rates | rates,rates,1
interference canadian,canadian elections,4,4,canadian | interference | interference canadian,canadian | canadian elections | elections,canadian,1
interference canadian,foreign interference,4,4,canadian | interference | interference canadian,foreign | foreign interference | interference,interference,1
israel hamas,israel said,4,4,hamas | israel | israel hamas,israel,israel,1
israeli military said,israeli airstrike,4,4,israeli | israeli military | military,airstrike | israeli | israeli airstrike,israeli,1
israeli soccer,soccer match,4,4,israeli | israeli soccer | soccer,match | soccer | soccer match,soccer,1
israeli soccer fans,soccer match,4,4,fans | israeli | israeli soccer | soccer | soccer fans,match | soccer | soccer match,soccer,1
israeli strike,israeli officials,4,4,israeli | israeli strike | strike,israeli | israeli officials | officials,israeli,1
kathy hochul,hochul new,4,4,hochul | kathy | kathy hochul,hochul | hochul new | new,hochul,1
kathy hochul,hochul new york,4,4,hochul | kathy | kathy hochul,hochul | hochul new | new | new york | york,hochul,1
labor market,job market,4,4,labor | labor market | market,job | job market | market,market,1
league baseball,major league,4,4,baseball | league | league baseball,league | major | major league,league,1
lloyd austin,austin iii,4,4,austin | lloyd | lloyd austin,austin | austin iii | iii,austin,1
minister narendra,india prime minister,4,4,minister | minister narendra | narendra,india | india prime | minister | prime | prime minister,minister,1
minister narendra,narendra modi india,4,4,minister | minister narendra | narendra,india | modi | modi india | narendra | narendra modi,narendra,1
minister narendra modi,india prime minister,4,4,minister | minister narendra | modi | narendra | narendra modi,india | india prime | minister | prime | prime minister,minister,1
national security,security law,4,4,national | national security | security,law | security | security law,security,1
netanyahu israel,israel said,4,4,israel | netanyahu | netanyahu israel,israel,israel,1
netanyahu netanyahu israel,israel said,4,4,israel | netanyahu | netanyahu israel | netanyahu netanyahu,israel,israel,1
new federal,federal rule,4,4,federal | new | new federal,federal | federal rule | rule,federal,1
new york,hochul new,4,4,new | new york | york,hochul | hochul new | new,new,1
new york,kathy hochul new,4,4,new | new york | york,hochul | hochul new | kathy | kathy hochul | new,new,1
new york,york times,4,4,new | new york | york,times | york | york times,york,1
nicolás maduro,mr maduro,4,4,maduro | nicol | nicol maduro,maduro | mr | mr maduro,maduro,1
police officers,kenyan police,4,4,officers | police | police officers,kenyan | kenyan police | police,police,1
power plants,nuclear power,4,4,plants | power | power plants,nuclear | nuclear power | power,power,1
president biden,former president,4,4,biden | president | president biden,former | former president | president,president,1
president nicolás,authoritarian president,4,4,nicol | president | president nicol,authoritarian | authoritarian president | president,president,1
president nicolás maduro,authoritarian president,4,4,maduro | nicol | nicol maduro | president | president nicol,authoritarian | authoritarian president | president,president,1
prime minister,prime justin,4,4,minister | prime | prime minister,justin | prime | prime justin,prime,1
prime minister,prime justin trudeau,4,4,minister | prime | prime minister,justin | justin trudeau | prime | prime justin | trudeau,prime,1
prime minister narendra,india prime,4,4,minister | minister narendra | narendra | prime | prime minister,india | india prime | prime,prime,1
prime minister narendra,narendra modi india,4,4,minister | minister narendra | narendra | prime | prime minister,india | modi | modi india | narendra | narendra modi,narendra,1
putin russia,russia war,4,4,putin | putin russia | russia,russia | russia war | war,russia,1
russia ukraine,war russia,4,4,russia | russia ukraine | ukraine,russia | war | war russia,russia,1
second term,first term,4,4,second | second term | term,first | first term | term,term,1
secretary lloyd,defense secretary,4,4,lloyd | secretary | secretary lloyd,defense | defense secretary | secretary,secretary,1
secretary lloyd,lloyd austin,4,4,lloyd | secretary | secretary lloyd,austin | lloyd | lloyd austin,lloyd,1
secretary lloyd austin,austin iii,4,4,austin | lloyd | lloyd austin | secretary | secretary lloyd,austin | austin iii | iii,austin,1
secretary lloyd austin,defense secretary,4,4,austin | lloyd | lloyd austin | secretary | secretary lloyd,defense | defense secretary | secretary,secretary,1
shopping season,holiday shopping,4,4,season | shopping | shopping season,holiday | holiday shopping | shopping,shopping,1
soccer fans,soccer match,4,4,fans | soccer | soccer fans,match | soccer | soccer match,soccer,1
study finds,new study,4,4,finds | study | study finds,new | new study | study,study,1
tariffs chinese,new tariffs,4,4,chinese | tariffs | tariffs chinese,new | new tariffs | tariffs,tariffs,1
trump administration,donald trump trump,4,4,administration | trump | trump administration,donald | donald trump | trump | trump trump,trump,1
trump administration,trump trump,4,4,administration | trump | trump administration,trump | trump trump,trump,1
ukrainian forces,russian forces,4,4,forces | ukrainian | ukrainian forces,forces | russian | russian forces,forces,1
volodymyr zelensky putin,vladimir putin,4,4,putin | volodymyr | volodymyr zelensky | zelensky | zelensky putin,putin | vladimir | vladimir putin,putin,1
wall street,street banks,4,4,street | wall | wall street,banks | street | street banks,street,1
war ukraine,volodymyr zelensky ukraine,4,4,ukraine | war | war ukraine,ukraine | volodymyr | volodymyr zelensky | zelensky | zelensky ukraine,ukraine,1
war ukraine,zelensky ukraine,4,4,ukraine | war | war ukraine,ukraine | zelensky | zelensky ukraine,ukraine,1
william ruto,president william,4,4,ruto | william | william ruto,president | president william | william,william,1
zelensky putin,vladimir putin,4,4,putin | zelensky | zelensky putin,putin | vladimir | vladimir putin,putin,1
zelensky putin russia,russia war,4,4,putin | putin russia | russia | zelensky | zelensky putin,russia | russia war | war,russia,1
abortion access,abortion ban,3,3,abortion | abortion access | access,abortion | abortion ban | ban,abortion,1
abortion bans,anti abortion,3,3,abortion | abortion bans | bans,abortion | anti | anti abortion,abortion,1
abortion rights,abortion pill,3,3,abortion | abortion rights | rights,abortion | abortion pill | pill,abortion,1
according new,new study,3,3,according | according new | new,new | new study | study,new,1
accused plotting,man accused,3,3,accused | accused plotting | plotting,accused | man | man accused,accused,1
analytics firm,data analytics,3,3,analytics | analytics firm | firm,analytics | data | data analytics,analytics,1
anti doping,doping case,3,3,anti | anti doping | doping,case | doping | doping case,doping,1
anti doping agency,doping case,3,3,agency | anti | anti doping | doping | doping agency,case | doping | doping case,doping,1
assisting hong,hong kong,3,3,assisting | assisting hong | hong,hong | hong kong | kong,hong,1
assisting hong,hong kong intelligence,3,3,assisting | assisting hong | hong,hong | hong kong | intelligence | kong | kong intelligence,hong,1
black voters,black men,3,3,black | black voters | voters,black | black men | men,black,1
card late,late fees,3,3,card | card late | late,fees | late | late fees,late,1
central bank,central bankers,3,3,bank | central | central bank,bankers | central | central bankers,central,1
chinese doping,23 chinese,3,3,chinese | chinese doping | doping,23 | 23 chinese | chinese,chinese,1
chinese doping,23 chinese swimmers,3,3,chinese | chinese doping | doping,23 | 23 chinese | chinese | chinese swimmers | swimmers,chinese,1
chinese doping case,23 chinese,3,3,case | chinese | chinese doping | doping | doping case,23 | 23 chinese | chinese,chinese,1
chinese doping case,23 chinese swimmers,3,3,case | chinese | chinese doping | doping | doping case,23 | 23 chinese | chinese | chinese swimmers | swimmers,chinese,1
chinese swimmers,23 chinese,3,3,chinese | chinese swimmers | swimmers,23 | 23 chinese | chinese,chinese,1
chinese swimmers tested,23 chinese,3,3,chinese | chinese swimmers | swimmers | swimmers tested | tested,23 | 23 chinese | chinese,chinese,1
climate summit,climate talks,3,3,climate | climate summit | summit,climate | climate talks | talks,climate,1
credit card,card late,3,3,card | credit | credit card,card | card late | late,card,1
cut rates,cut interest,3,3,cut | cut rates | rates,cut | cut interest | interest,cut,1
cut rates,cutting interest rates,3,3,cut | cut rates | rates,cutting | cutting interest | interest | interest rates | rates,rates,1
doping agency,doping case,3,3,agency | doping | doping agency,case | doping | doping case,doping,1
eastern ukraine,ukraine war,3,3,eastern | eastern ukraine | ukraine,ukraine | ukraine war | war,ukraine,1
electric car,electric cars,3,3,car | electric | electric car,cars | electric | electric cars,electric,1
electric car,electric vehicles,3,3,car | electric | electric car,electric | electric vehicles | vehicles,electric,1
electric cars,chinese electric,3,3,cars | electric | electric cars,chinese | chinese electric | electric,electric,1
end war,ukraine war,3,3,end | end war | war,ukraine | ukraine war | war,war,1
end war,war russia,3,3,end | end war | war,russia | war | war russia,war,1
entertainment concert,live nation entertainment,3,3,concert | entertainment | entertainment concert,entertainment | live | live nation | nation | nation entertainment,entertainment,1
european union,european parliament,3,3,european | european union | union,european | european parliament | parliament,european,1
fatal shooting,shooting black,3,3,fatal | fatal shooting | shooting,black | shooting | shooting black,shooting,1
gaza israel,southern gaza,3,3,gaza | gaza israel | israel,gaza | southern | southern gaza,gaza,1
gaza strip,gaza war,3,3,gaza | gaza strip | strip,gaza | gaza war | war,gaza,1
gaza war,gaza israel,3,3,gaza | gaza war | war,gaza | gaza israel | israel,gaza,1
global antidoping,antidoping regulator,3,3,antidoping | global | global antidoping,antidoping | antidoping regulator | regulator,antidoping,1
global climate,nations climate,3,3,climate | global | global climate,climate | nations | nations climate,climate,1
global climate,united nations climate,3,3,climate | global | global climate,climate | nations | nations climate | united | united nations,climate,1
hard right,far right,3,3,hard | hard right | right,far | far right | right,right,1
israel hezbollah,israel war,3,3,hezbollah | israel | israel hezbollah,israel | israel war | war,israel,1
israel military,israel hezbollah,3,3,israel | israel military | military,hezbollah | israel | israel hezbollah,israel,1
israeli airstrike,israeli airstrikes,3,3,airstrike | israeli | israeli airstrike,airstrikes | israeli | israeli airstrikes,israeli,1
israeli forces,israeli airstrikes,3,3,forces | israeli | israeli forces,airstrikes | israeli | israeli airstrikes,israeli,1
israeli military said,israeli officials,3,3,israeli | israeli military | military,israeli | israeli officials | officials,israeli,1
labor department,child labor,3,3,department | labor | labor department,child | child labor | labor,labor,1
late fees,credit card late,3,3,fees | late | late fees,card | card late | credit | credit card | late,late,1
man accused,accused mastermind,3,3,accused | man | man accused,accused | accused mastermind | mastermind,accused,1
man drove,drove vehicle,3,3,drove | man | man drove,drove | drove vehicle | vehicle,drove,1
man drove,drove vehicle crowd,3,3,drove | man | man drove,crowd | drove | drove vehicle | vehicle | vehicle crowd,drove,1
millions dollars,tens millions,3,3,dollars | millions | millions dollars,millions | tens | tens millions,millions,1
nation entertainment,entertainment concert,3,3,entertainment | nation | nation entertainment,concert | entertainment | entertainment concert,entertainment,1
nation entertainment,live nation,3,3,entertainment | nation | nation entertainment,live | live nation | nation,nation,1
nation entertainment concert,live nation,3,3,concert | entertainment | entertainment concert | nation | nation entertainment,live | live nation | nation,nation,1
national security,security trial,3,3,national | national security | security,security | security trial | trial,security,1
netanyahu israel,israel military,3,3,israel | netanyahu | netanyahu israel,israel | israel military | military,israel,1
netanyahu netanyahu israel,israel military,3,3,israel | netanyahu | netanyahu israel | netanyahu netanyahu,israel | israel military | military,israel,1
new research,according new,3,3,new | new research | research,according | according new | new,new,1
opening ceremony,olympics opening,3,3,ceremony | opening | opening ceremony,olympics | olympics opening | opening,opening,1
percent year,rose percent,3,3,percent | percent year | year,percent | rose | rose percent,percent,1
police department,justice department,3,3,department | police | police department,department | justice | justice department,department,1
positive tests,positive banned,3,3,positive | positive tests | tests,banned | positive | positive banned,positive,1
positive tests,positive banned drug,3,3,positive | positive tests | tests,banned | banned drug | drug | positive | positive banned,positive,1
positive tests,tested positive banned,3,3,positive | positive tests | tests,banned | positive | positive banned | tested | tested positive,positive,1
president elect,vice president,3,3,elect | president | president elect,president | vice | vice president,president,1
president elect donald,vice president,3,3,donald | elect | elect donald | president | president elect,president | vice | vice president,president,1
pro democracy,democracy activists,3,3,democracy | pro | pro democracy,activists | democracy | democracy activists,democracy,1
semiconductor manufacturing,chip manufacturing,3,3,manufacturing | semiconductor | semiconductor manufacturing,chip | chip manufacturing | manufacturing,manufacturing,1
street banks,losses wall street,3,3,banks | street | street banks,losses | losses wall | street | wall | wall street,street,1
swimmers tested,23 chinese swimmers,3,3,swimmers | swimmers tested | tested,23 | 23 chinese | chinese | chinese swimmers | swimmers,swimmers,1
swimmers tested positive,23 chinese swimmers,3,3,positive | swimmers | swimmers tested | tested | tested positive,23 | 23 chinese | chinese | chinese swimmers | swimmers,swimmers,1
tariffs chinese,trump tariffs,3,3,chinese | tariffs | tariffs chinese,tariffs | trump | trump tariffs,tariffs,1
tests banned,positive tests,3,3,banned | tests | tests banned,positive | positive tests | tests,tests,1
trump administration,trump said,3,3,administration | trump | trump administration,trump,trump,1
trump tariffs,elect donald trump,3,3,tariffs | trump | trump tariffs,donald | donald trump | elect | elect donald | trump,trump,1
ukraine war,invasion ukraine,3,3,ukraine | ukraine war | war,invasion | invasion ukraine | ukraine,ukraine,1
ukraine war,support ukraine,3,3,ukraine | ukraine war | war,support | support ukraine | ukraine,ukraine,1
ukrainian officials,ukrainian forces,3,3,officials | ukrainian | ukrainian officials,forces | ukrainian | ukrainian forces,ukrainian,1
united states,united nations,3,3,states | united | united states,nations | united | united nations,united,1
vehicle crowd,drove vehicle,3,3,crowd | vehicle | vehicle crowd,drove | drove vehicle | vehicle,vehicle,1
vehicle crowd,man drove vehicle,3,3,crowd | vehicle | vehicle crowd,drove | drove vehicle | man | man drove | vehicle,vehicle,1
wall street,losses wall,3,3,street | wall | wall street,losses | losses wall | wall,wall,1
wall street banks,losses wall,3,3,banks | street | street banks | wall | wall street,losses | losses wall | wall,wall,1
war gaza,cease fire gaza,3,3,gaza | war | war gaza,cease | cease fire | fire | fire gaza | gaza,gaza,1
war gaza,fire gaza,3,3,gaza | war | war gaza,fire | fire gaza | gaza,gaza,1
war israel,gaza war,3,3,israel | war | war israel,gaza | gaza war | war,war,1
war ukraine,war russia,3,3,ukraine | war | war ukraine,russia | war | war russia,war,1
willie mays,mays died,3,3,mays | willie | willie mays,died | mays | mays died,mays,1
world anti doping,doping case,3,3,anti | anti doping | doping | world | world anti,case | doping | doping case,doping,1
10 billion,billion losses,2,2,10 | 10 billion | billion,billion | billion losses | losses,billion,1
10 billion,billion year,2,2,10 | 10 billion | billion,billion | billion year | year,billion,1
10 billion,households 10,2,2,10 | 10 billion | billion,10 | households | households 10,10,1
10 billion,roughly 10,2,2,10 | 10 billion | billion,10 | roughly | roughly 10,10,1
10 billion losses,losses wall,2,2,10 | 10 billion | billion | billion losses | losses,losses | losses wall | wall,losses,1
10 billion losses,losses wall street,2,2,10 | 10 billion | billion | billion losses | losses,losses | losses wall | street | wall | wall street,losses,1
10 billion losses,roughly 10,2,2,10 | 10 billion | billion | billion losses | losses,10 | roughly | roughly 10,10,1
10 billion year,households 10,2,2,10 | 10 billion | billion | billion year | year,10 | households | households 10,10,1
11 2001,11 case,2,2,11 | 11 2001 | 2001,11 | 11 case | case,11,1
accused plotting,accused mastermind,2,2,accused | accused plotting | plotting,accused | accused mastermind | mastermind,accused,1
administration thursday,biden administration,2,2,administration | administration thursday | thursday,administration | biden | biden administration,administration,1
analytics firm,firm helped,2,2,analytics | analytics firm | firm,firm | firm helped | helped,firm,1
anti doping,chinese doping,2,2,anti | anti doping | doping,chinese | chinese doping | doping,doping,1
anti doping,chinese doping case,2,2,anti | anti doping | doping,case | chinese | chinese doping | doping | doping case,doping,1
anti doping agency,chinese doping,2,2,agency | anti | anti doping | doping | doping agency,chinese | chinese doping | doping,doping,1
anti doping agency,chinese doping case,2,2,agency | anti | anti doping | doping | doping agency,case | chinese | chinese doping | doping | doping case,doping,1
anti immigration,anti immigrant,2,2,anti | anti immigration | immigration,anti | anti immigrant | immigrant,anti,1
armed gangs,haiti gangs,2,2,armed | armed gangs | gangs,gangs | haiti | haiti gangs,gangs,1
banned drug,banned substance,2,2,banned | banned drug | drug,banned | banned substance | substance,banned,1
banned drug,positive tests banned,2,2,banned | banned drug | drug,banned | positive | positive tests | tests | tests banned,banned,1
banned substance,positive banned drug,2,2,banned | banned substance | substance,banned | banned drug | drug | positive | positive banned,banned,1
banned substance,positive powerful banned,2,2,banned | banned substance | substance,banned | positive | positive powerful | powerful | powerful banned,banned,1
banned substance,powerful banned,2,2,banned | banned substance | substance,banned | powerful | powerful banned,banned,1
became first,first black,2,2,became | became first | first,black | first | first black,first,1
billion losses,losses wall,2,2,billion | billion losses | losses,losses | losses wall | wall,losses,1
billion losses,losses wall street,2,2,billion | billion losses | losses,losses | losses wall | street | wall | wall street,losses,1
black men,older black,2,2,black | black men | men,black | older | older black,black,1
capital management,collapse archegos capital,2,2,capital | capital management | management,archegos | archegos capital | capital | collapse | collapse archegos,capital,1
chinese electric,tariffs electric,2,2,chinese | chinese electric | electric,electric | tariffs | tariffs electric,electric,1
chinese swimmers,chinese athletes,2,2,chinese | chinese swimmers | swimmers,athletes | chinese | chinese athletes,chinese,1
chinese swimmers tested,tested positive powerful,2,2,chinese | chinese swimmers | swimmers | swimmers tested | tested,positive | positive powerful | powerful | tested | tested positive,tested,1
collapse archegos,archegos capital,2,2,archegos | collapse | collapse archegos,archegos | archegos capital | capital,archegos,1
collapse archegos,archegos capital management,2,2,archegos | collapse | collapse archegos,archegos | archegos capital | capital | capital management | management,archegos,1
consumer price,price increases,2,2,consumer | consumer price | price,increases | price | price increases,price,1
consumer price index,price increases,2,2,consumer | consumer price | index | price | price index,increases | price | price increases,price,1
costs millions people,people employers government,2,2,costs | costs millions | millions | millions people | people,employers | employers government | government | people | people employers,people,1
could save,save merchants,2,2,could | could save | save,merchants | save | save merchants,save,1
credit cards,credit card,2,2,cards | credit | credit cards,card | credit | credit card,credit,1
cut rates,high interest rates,2,2,cut | cut rates | rates,high | high interest | interest | interest rates | rates,rates,1
data analytics firm,firm helped,2,2,analytics | analytics firm | data | data analytics | firm,firm | firm helped | helped,firm,1
democracy activist,pro democracy,2,2,activist | democracy | democracy activist,democracy | pro | pro democracy,democracy,1
donald trump,trump administration,2,2,donald | donald trump | trump,administration | trump | trump administration,trump,1
doping agency,chinese doping,2,2,agency | doping | doping agency,chinese | chinese doping | doping,doping,1
doping agency,chinese doping case,2,2,agency | doping | doping agency,case | chinese | chinese doping | doping | doping case,doping,1
drug administration,food drug,2,2,administration | drug | drug administration,drug | food | food drug,drug,1
drug costs,costs millions people,2,2,costs | drug | drug costs,costs | costs millions | millions | millions people | people,costs,1
drug costs,managers driving drug,2,2,costs | drug | drug costs,driving | driving drug | drug | managers | managers driving,drug,1
elite chinese,chinese doping,2,2,chinese | elite | elite chinese,chinese | chinese doping | doping,chinese,1
elite chinese,chinese doping case,2,2,chinese | elite | elite chinese,case | chinese | chinese doping | doping | doping case,chinese,1
elite chinese swimmers,chinese doping,2,2,chinese | chinese swimmers | elite | elite chinese | swimmers,chinese | chinese doping | doping,chinese,1
elite chinese swimmers,chinese doping case,2,2,chinese | chinese swimmers | elite | elite chinese | swimmers,case | chinese | chinese doping | doping | doping case,chinese,1
employers government,millions people employers,2,2,employers | employers government | government,employers | millions | millions people | people | people employers,employers,1
european central,central bankers,2,2,central | european | european central,bankers | central | central bankers,central,1
european central bank,central bankers,2,2,bank | central | central bank | european | european central,bankers | central | central bankers,central,1
european union,european leaders,2,2,european | european union | union,european | european leaders | leaders,european,1
far right,right wing,2,2,far | far right | right,right | right wing | wing,right,1
far right party,alternative germany party,2,2,far | far right | party | right | right party,alternative | alternative germany | germany | germany party | party,party,1
far right party,germany party,2,2,far | far right | party | right | right party,germany | germany party | party,party,1
far right party,right national rally,2,2,far | far right | party | right | right party,national | national rally | rally | right | right national,right,1
far right party,right wing,2,2,far | far right | party | right | right party,right | right wing | wing,right,1
federal judge,judge blocks,2,2,federal | federal judge | judge,blocks | judge | judge blocks,judge,1
federal reserve officials,chair federal,2,2,federal | federal reserve | officials | reserve | reserve officials,chair | chair federal | federal,federal,1
federal reserve officials,powell chair federal,2,2,federal | federal reserve | officials | reserve | reserve officials,chair | chair federal | federal | powell | powell chair,federal,1
federal rule,new rule,2,2,federal | federal rule | rule,new | new rule | rule,rule,1
federal rule,rule would,2,2,federal | federal rule | rule,rule | rule would | would,rule,1
federal rule,rule would cap,2,2,federal | federal rule | rule,cap | rule | rule would | would | would cap,rule,1
first black,black artists,2,2,black | first | first black,artists | black | black artists,black,1
four years,years ago,2,2,four | four years | years,ago | years | years ago,years,1
giant pandas,pandas china,2,2,giant | giant pandas | pandas,china | pandas | pandas china,pandas,1
gold medal,olympic gold,2,2,gold | gold medal | medal,gold | olympic | olympic gold,gold,1
hard right,right alternative,2,2,hard | hard right | right,alternative | right | right alternative,right,1
hard right,right alternative germany,2,2,hard | hard right | right,alternative | alternative germany | germany | right | right alternative,right,1
hard right,right party,2,2,hard | hard right | right,party | right | right party,right,1
health care,mental health,2,2,care | health | health care,health | mental | mental health,health,1
households 10 billion,billion year,2,2,10 | 10 billion | billion | households | households 10,billion | billion year | year,billion,1
interest rate,cut interest,2,2,interest | interest rate | rate,cut | cut interest | interest,interest,1
interest rate,cut interest rates,2,2,interest | interest rate | rate,cut | cut interest | interest | interest rates | rates,interest,1
interest rate cuts,cut interest,2,2,cuts | interest | interest rate | rate | rate cuts,cut | cut interest | interest,interest,1
interest rate cuts,cut interest rates,2,2,cuts | interest | interest rate | rate | rate cuts,cut | cut interest | interest | interest rates | rates,interest,1
known data,little known,2,2,data | known | known data,known | little | little known,known,1
linda sun,sun former,2,2,linda | linda sun | sun,former | sun | sun former,sun,1
managers driving,benefit managers,2,2,driving | managers | managers driving,benefit | benefit managers | managers,managers,1
managers driving drug,benefit managers,2,2,driving | driving drug | drug | managers | managers driving,benefit | benefit managers | managers,managers,1
millions people,people employers government,2,2,millions | millions people | people,employers | employers government | government | people | people employers,people,1
new federal,new rule,2,2,federal | new | new federal,new | new rule | rule,new,1
new federal rule,rule would,2,2,federal | federal rule | new | new federal | rule,rule | rule would | would,rule,1
new federal rule,rule would cap,2,2,federal | federal rule | new | new federal | rule,cap | rule | rule would | would | would cap,rule,1
new rule,rule would cap,2,2,new | new rule | rule,cap | rule | rule would | would | would cap,rule,1
new tariffs,tariffs electric,2,2,new | new tariffs | tariffs,electric | tariffs | tariffs electric,tariffs,1
new york,new yorkers,2,2,new | new york | york,new | new yorkers | yorkers,new,1
paris olympics,olympics opening,2,2,olympics | paris | paris olympics,olympics | olympics opening | opening,olympics,1
paris olympics,olympics opening ceremony,2,2,olympics | paris | paris olympics,ceremony | olympics | olympics opening | opening | opening ceremony,olympics,1
paris olympics,paris games,2,2,olympics | paris | paris olympics,games | paris | paris games,paris,1
pharmacy benefit managers,managers driving,2,2,benefit | benefit managers | managers | pharmacy | pharmacy benefit,driving | managers | managers driving,managers,1
pharmacy benefit managers,managers driving drug,2,2,benefit | benefit managers | managers | pharmacy | pharmacy benefit,driving | driving drug | drug | managers | managers driving,managers,1
positive banned,banned substance,2,2,banned | positive | positive banned,banned | banned substance | substance,banned,1
positive powerful,powerful banned,2,2,positive | positive powerful | powerful,banned | powerful | powerful banned,powerful,1
powerful banned substance,positive powerful,2,2,banned | banned substance | powerful | powerful banned | substance,positive | positive powerful | powerful,powerful,1
powerful banned substance,tested positive powerful,2,2,banned | banned substance | powerful | powerful banned | substance,positive | positive powerful | powerful | tested | tested positive,powerful,1
president biden,president william,2,2,biden | president | president biden,president | president william | william,president,1
president biden,president william ruto,2,2,biden | president | president biden,president | president william | ruto | william | william ruto,president,1
president emmanuel,president elect,2,2,emmanuel | president | president emmanuel,elect | president | president elect,president,1
president emmanuel macron,president elect,2,2,emmanuel | emmanuel macron | macron | president | president emmanuel,elect | president | president elect,president,1
president nicolás maduro,mr maduro,2,2,maduro | nicol | nicol maduro | president | president nicol,maduro | mr | mr maduro,maduro,1
price index,price increases,2,2,index | price | price index,increases | price | price increases,price,1
pricing plan,tolling plan,2,2,plan | pricing | pricing plan,plan | tolling | tolling plan,plan,1
rates thursday,rates steady,2,2,rates | rates thursday | thursday,rates | rates steady | steady,rates,1
reserve officials,chair federal reserve,2,2,officials | reserve | reserve officials,chair | chair federal | federal | federal reserve | reserve,reserve,1
right national,far right party,2,2,national | right | right national,far | far right | party | right | right party,right,1
right party,alternative germany party,2,2,party | right | right party,alternative | alternative germany | germany | germany party | party,party,1
right party,far right national,2,2,party | right | right party,far | far right | national | right | right national,right,1
right party,germany party,2,2,party | right | right party,germany | germany party | party,party,1
right party,right national,2,2,party | right | right party,national | right | right national,right,1
right party,right national rally,2,2,party | right | right party,national | national rally | rally | right | right national,right,1
right party,right wing,2,2,party | right | right party,right | right wing | wing,right,1
roughly 10 billion,billion losses,2,2,10 | 10 billion | billion | roughly | roughly 10,billion | billion losses | losses,billion,1
rule would,new rule,2,2,rule | rule would | would,new | new rule | rule,rule,1
rule would,would cap,2,2,rule | rule would | would,cap | would | would cap,would,1
sept 11 2001,11 case,2,2,11 | 11 2001 | 2001 | sept | sept 11,11 | 11 case | case,11,1
seven months,months tokyo,2,2,months | seven | seven months,months | months tokyo | tokyo,months,1
shooting black,black man,2,2,black | shooting | shooting black,black | black man | man,black,1
swimmers tested,23 swimmers,2,2,swimmers | swimmers tested | tested,23 | 23 swimmers | swimmers,swimmers,1
swimmers tested,tested positive powerful,2,2,swimmers | swimmers tested | tested,positive | positive powerful | powerful | tested | tested positive,tested,1
swimmers tested positive,23 swimmers,2,2,positive | swimmers | swimmers tested | tested | tested positive,23 | 23 swimmers | swimmers,swimmers,1
swimmers tested positive,positive powerful,2,2,positive | swimmers | swimmers tested | tested | tested positive,positive | positive powerful | powerful,positive,1
swimmers tested positive,positive powerful banned,2,2,positive | swimmers | swimmers tested | tested | tested positive,banned | positive | positive powerful | powerful | powerful banned,positive,1
tariffs chinese,tariffs electric,2,2,chinese | tariffs | tariffs chinese,electric | tariffs | tariffs electric,tariffs,1
tested positive,positive powerful,2,2,positive | tested | tested positive,positive | positive powerful | powerful,positive,1
tested positive,positive powerful banned,2,2,positive | tested | tested positive,banned | positive | positive powerful | powerful | powerful banned,positive,1
tested positive banned,banned substance,2,2,banned | positive | positive banned | tested | tested positive,banned | banned substance | substance,banned,1
tested positive powerful,powerful banned,2,2,positive | positive powerful | powerful | tested | tested positive,banned | powerful | powerful banned,powerful,1
tests banned,banned drug,2,2,banned | tests | tests banned,banned | banned drug | drug,banned,1
tolling plan,congestion pricing plan,2,2,plan | tolling | tolling plan,congestion | congestion pricing | plan | pricing | pricing plan,plan,1
transit system,public transit,2,2,system | transit | transit system,public | public transit | transit,transit,1
venezuela presidential,venezuela opposition,2,2,presidential | venezuela | venezuela presidential,opposition | venezuela | venezuela opposition,venezuela,1
venezuela presidential,winner venezuela,2,2,presidential | venezuela | venezuela presidential,venezuela | winner | winner venezuela,venezuela,1
venezuela presidential election,winner venezuela,2,2,election | presidential | presidential election | venezuela | venezuela presidential,venezuela | winner | winner venezuela,venezuela,1
west africa,west african,2,2,africa | west | west africa,african | west | west african,west,1
world anti doping,chinese doping,2,2,anti | anti doping | doping | world | world anti,chinese | chinese doping | doping,doping,1
world anti doping,chinese doping case,2,2,anti | anti doping | doping | world | world anti,case | chinese | chinese doping | doping | doping case,doping,1
years ago,four years,2,2,ago | years | years ago,four | four years | years,years,1
years ago,years prison,2,2,ago | years | years ago,prison | years | years prison,years,1
years prison,10 years,2,2,prison | years | years prison,10 | 10 years | years,years,1
23 elite chinese,chinese doping,1,1,23 | 23 elite | chinese | elite | elite chinese,chinese | chinese doping | doping,chinese,1
23 elite chinese,chinese doping case,1,1,23 | 23 elite | chinese | elite | elite chinese,case | chinese | chinese doping | doping | doping case,chinese,1
23 swimmers,23 chinese,1,1,23 | 23 swimmers | swimmers,23 | 23 chinese | chinese,23,1
african country,african nation,1,1,african | african country | country,african | african nation | nation,african,1
african country,west african nation,1,1,african | african country | country,african | african nation | nation | west | west african,african,1
african nation,west african country,1,1,african | african nation | nation,african | african country | country | west | west african,african,1
african nations,united nations,1,1,african | african nations | nations,nations | united | united nations,nations,1
african nations,west african,1,1,african | african nations | nations,african | west | west african,african,1
banned drug,positive powerful banned,1,1,banned | banned drug | drug,banned | positive | positive powerful | powerful | powerful banned,banned,1
banned drug,powerful banned,1,1,banned | banned drug | drug,banned | powerful | powerful banned,banned,1
banned drug,powerful banned substance,1,1,banned | banned drug | drug,banned | banned substance | powerful | powerful banned | substance,banned,1
biden administration,president biden,1,1,administration | biden | biden administration,biden | president | president biden,biden,1
black hispanic,among black,1,1,black | black hispanic | hispanic,among | among black | black,black,1
black women,white women,1,1,black | black women | women,white | white women | women,women,1
cancer society,breast cancer,1,1,cancer | cancer society | society,breast | breast cancer | cancer,cancer,1
chinese swimmers,23 swimmers,1,1,chinese | chinese swimmers | swimmers,23 | 23 swimmers | swimmers,swimmers,1
chinese swimmers,top chinese,1,1,chinese | chinese swimmers | swimmers,chinese | top | top chinese,chinese,1
chinese swimmers tested,23 swimmers,1,1,chinese | chinese swimmers | swimmers | swimmers tested | tested,23 | 23 swimmers | swimmers,swimmers,1
chinese swimmers tested,top chinese,1,1,chinese | chinese swimmers | swimmers | swimmers tested | tested,chinese | top | top chinese,chinese,1
conservative party,conservative government,1,1,conservative | conservative party | party,conservative | conservative government | government,conservative,1
consumer price,consumer prices,1,1,consumer | consumer price | price,consumer | consumer prices | prices,consumer,1
consumer price index,consumer prices,1,1,consumer | consumer price | index | price | price index,consumer | consumer prices | prices,consumer,1
credit card,using credit,1,1,card | credit | credit card,credit | using | using credit,credit,1
credit card,using credit cards,1,1,card | credit | credit card,cards | credit | credit cards | using | using credit,credit,1
credit cards,using credit,1,1,cards | credit | credit cards,credit | using | using credit,credit,1
cut interest,cutting interest,1,1,cut | cut interest | interest,cutting | cutting interest | interest,interest,1
cut interest,cutting interest rates,1,1,cut | cut interest | interest,cutting | cutting interest | interest | interest rates | rates,interest,1
cut interest,lower interest,1,1,cut | cut interest | interest,interest | lower | lower interest,interest,1
cut interest,lower interest rates,1,1,cut | cut interest | interest,interest | interest rates | lower | lower interest | rates,interest,1
cut interest rates,cutting interest,1,1,cut | cut interest | interest | interest rates | rates,cutting | cutting interest | interest,interest,1
cut interest rates,lower interest,1,1,cut | cut interest | interest | interest rates | rates,interest | lower | lower interest,interest,1
cut interest rates,mortgage rates,1,1,cut | cut interest | interest | interest rates | rates,mortgage | mortgage rates | rates,rates,1
cut rates,rates thursday,1,1,cut | cut rates | rates,rates | rates thursday | thursday,rates,1
cut rates,rates unchanged,1,1,cut | cut rates | rates,rates | rates unchanged | unchanged,rates,1
democracy activist,democracy activists,1,1,activist | democracy | democracy activist,activists | democracy | democracy activists,democracy,1
drug administration,administration thursday,1,1,administration | drug | drug administration,administration | administration thursday | thursday,administration,1
eight people,five people,1,1,eight | eight people | people,five | five people | people,people,1
electric vehicle,electric cars,1,1,electric | electric vehicle | vehicle,cars | electric | electric cars,electric,1
elite chinese,chinese athletes,1,1,chinese | elite | elite chinese,athletes | chinese | chinese athletes,chinese,1
elite chinese swimmers,chinese athletes,1,1,chinese | chinese swimmers | elite | elite chinese | swimmers,athletes | chinese | chinese athletes,chinese,1
federal government,federal regulators,1,1,federal | federal government | government,federal | federal regulators | regulators,federal,1
food drug administration,administration thursday,1,1,administration | drug | drug administration | food | food drug,administration | administration thursday | thursday,administration,1
former president,vice president,1,1,former | former president | president,president | vice | vice president,president,1
guilty plea,plea deal,1,1,guilty | guilty plea | plea,deal | plea | plea deal,plea,1
hard right,right wing,1,1,hard | hard right | right,right | right wing | wing,right,1
health care,health insurers,1,1,care | health | health care,health | health insurers | insurers,health,1
health insurance,health insurers,1,1,health | health insurance | insurance,health | health insurers | insurers,health,1
high interest rates,mortgage rates,1,1,high | high interest | interest | interest rates | rates,mortgage | mortgage rates | rates,rates,1
india prime,modi india,1,1,india | india prime | prime,india | modi | modi india,india,1
india prime,narendra modi india,1,1,india | india prime | prime,india | modi | modi india | narendra | narendra modi,india,1
india prime minister,modi india,1,1,india | india prime | minister | prime | prime minister,india | modi | modi india,india,1
india prime minister,narendra modi india,1,1,india | india prime | minister | prime | prime minister,india | modi | modi india | narendra | narendra modi,india,1
interest rate,high interest,1,1,interest | interest rate | rate,high | high interest | interest,interest,1
interest rate,high interest rates,1,1,interest | interest rate | rate,high | high interest | interest | interest rates | rates,interest,1
job market,stock market,1,1,job | job market | market,market | stock | stock market,market,1
labor market,stock market,1,1,labor | labor market | market,market | stock | stock market,market,1
last year,last week,1,1,last | last year | year,last | last week | week,last,1
last year,year old,1,1,last | last year | year,old | year | year old,year,1
lower interest,cutting interest,1,1,interest | lower | lower interest,cutting | cutting interest | interest,interest,1
lower interest,cutting interest rates,1,1,interest | lower | lower interest,cutting | cutting interest | interest | interest rates | rates,interest,1
lower interest rates,cutting interest,1,1,interest | interest rates | lower | lower interest | rates,cutting | cutting interest | interest,interest,1
new drug,drug administration,1,1,drug | new | new drug,administration | drug | drug administration,drug,1
new drug,food drug,1,1,drug | new | new drug,drug | food | food drug,drug,1
new drug,food drug administration,1,1,drug | new | new drug,administration | drug | drug administration | food | food drug,drug,1
new york,new jersey,1,1,new | new york | york,jersey | new | new jersey,new,1
new york city,hochul new,1,1,city | new | new york | york | york city,hochul | hochul new | new,new,1
new york city,kathy hochul new,1,1,city | new | new york | york | york city,hochul | hochul new | kathy | kathy hochul | new,new,1
new york city,new yorkers,1,1,city | new | new york | york | york city,new | new yorkers | yorkers,new,1
new york city,york times,1,1,city | new | new york | york | york city,times | york | york times,york,1
new yorkers,hochul new,1,1,new | new yorkers | yorkers,hochul | hochul new | new,new,1
new yorkers,hochul new york,1,1,new | new yorkers | yorkers,hochul | hochul new | new | new york | york,new,1
new yorkers,kathy hochul new,1,1,new | new yorkers | yorkers,hochul | hochul new | kathy | kathy hochul | new,new,1
obesity drugs,drugs like,1,1,drugs | obesity | obesity drugs,drugs | drugs like | like,drugs,1
olympic games,olympic gold,1,1,games | olympic | olympic games,gold | olympic | olympic gold,olympic,1
olympic games,paris games,1,1,games | olympic | olympic games,games | paris | paris games,games,1
opposition candidate,venezuela opposition,1,1,candidate | opposition | opposition candidate,opposition | venezuela | venezuela opposition,opposition,1
paris olympics,ahead olympics,1,1,olympics | paris | paris olympics,ahead | ahead olympics | olympics,olympics,1
pleaded guilty,guilty plea,1,1,guilty | pleaded | pleaded guilty,guilty | guilty plea | plea,guilty,1
police department,police officer,1,1,department | police | police department,officer | police | police officer,police,1
police department,police officers,1,1,department | police | police department,officers | police | police officers,police,1
positive banned,positive powerful,1,1,banned | positive | positive banned,positive | positive powerful | powerful,positive,1
positive banned,powerful banned,1,1,banned | positive | positive banned,banned | powerful | powerful banned,banned,1
positive banned,powerful banned substance,1,1,banned | positive | positive banned,banned | banned substance | powerful | powerful banned | substance,banned,1
positive banned,tested positive powerful,1,1,banned | positive | positive banned,positive | positive powerful | powerful | tested | tested positive,positive,1
positive banned drug,positive powerful,1,1,banned | banned drug | drug | positive | positive banned,positive | positive powerful | powerful,positive,1
positive banned drug,powerful banned,1,1,banned | banned drug | drug | positive | positive banned,banned | powerful | powerful banned,banned,1
positive banned drug,powerful banned substance,1,1,banned | banned drug | drug | positive | positive banned,banned | banned substance | powerful | powerful banned | substance,banned,1
positive banned drug,tested positive powerful,1,1,banned | banned drug | drug | positive | positive banned,positive | positive powerful | powerful | tested | tested positive,positive,1
positive tests banned,swimmers tested positive,1,1,banned | positive | positive tests | tests | tests banned,positive | swimmers | swimmers tested | tested | tested positive,positive,1
positive tests banned,tested positive,1,1,banned | positive | positive tests | tests | tests banned,positive | tested | tested positive,positive,1
president biden,president elect,1,1,biden | president | president biden,elect | president | president elect,president,1
president emmanuel,president biden,1,1,emmanuel | president | president emmanuel,biden | president | president biden,president,1
president emmanuel macron,president biden,1,1,emmanuel | emmanuel macron | macron | president | president emmanuel,biden | president | president biden,president,1
president nicolás,term president,1,1,nicol | president | president nicol,president | term | term president,president,1
president nicolás maduro,term president,1,1,maduro | nicol | nicol maduro | president | president nicol,president | term | term president,president,1
prime minister narendra,prime justin,1,1,minister | minister narendra | narendra | prime | prime minister,justin | prime | prime justin,prime,1
prime minister narendra,prime justin trudeau,1,1,minister | minister narendra | narendra | prime | prime minister,justin | justin trudeau | prime | prime justin | trudeau,prime,1
rates thursday,lower interest rates,1,1,rates | rates thursday | thursday,interest | interest rates | lower | lower interest | rates,rates,1
renewable energy,clean energy,1,1,energy | renewable | renewable energy,clean | clean energy | energy,energy,1
summer olympics,paris olympics,1,1,olympics | summer | summer olympics,olympics | paris | paris olympics,olympics,1
term president,former president,1,1,president | term | term president,former | former president | president,president,1
term president,vice president,1,1,president | term | term president,president | vice | vice president,president,1
tested positive banned,positive powerful,1,1,banned | positive | positive banned | tested | tested positive,positive | positive powerful | powerful,positive,1
tested positive banned,powerful banned,1,1,banned | positive | positive banned | tested | tested positive,banned | powerful | powerful banned,banned,1
tested positive banned,powerful banned substance,1,1,banned | positive | positive banned | tested | tested positive,banned | banned substance | powerful | powerful banned | substance,banned,1
trump tariffs,elect donald trump,1,1,tariffs | trump | trump tariffs,donald | donald trump | elect | elect donald | trump,trump,1
trump tariffs,new tariffs,1,1,tariffs | trump | trump tariffs,new | new tariffs | tariffs,tariffs,1
venezuela presidential election,venezuela opposition,1,1,election | presidential | presidential election | venezuela | venezuela presidential,opposition | venezuela | venezuela opposition,venezuela,1
year old,last year,1,1,old | year | year old,last | last year | year,year,1
york city,hochul new york,1,1,city | york | york city,hochul | hochul new | new | new york | york,york,1
york city,new york times,1,1,city | york | york city,new | new york | times | york | york times,york,1
york city,york times,1,1,city | york | york city,times | york | york times,york,1
